# graph=cua-driver	target=x86_64-unknown-linux-gnu	lock_sha256=a510513612cbb9c93b9f24b2c6f329c64c07013f333b9abcc3dcea0bccf9b13a	external_packages=320
name	version	source	checksum	license	normalized_license	repository	vcs_commit	path_in_vcs	notice_files
adler2	2.0.1	registry+https://github.com/rust-lang/crates.io-index	320119579fcad9c21884f5c4861d16174d0e06250625266f50fe6898340abefa	0BSD OR MIT OR Apache-2.0	0BSD OR MIT OR Apache-2.0	https://github.com/oyvindln/adler2	89a031a0f42eeff31c70dc598b398cbf31f1680f		LICENSE-0BSD@sha256:861399f8c21c042b110517e76dc6b63a2b334276c8cf17412fc3c8908ca8dc17;LICENSE-APACHE@sha256:8ada45cd9f843acf64e4722ae262c622a2b3b3007c7310ef36ac1061a30f6adb;LICENSE-MIT@sha256:23f18e03dc49df91622fe2a76176497404e46ced8a715d9d2b67a7446571cca3
ahash	0.8.12	registry+https://github.com/rust-lang/crates.io-index	5a15f179cd60c4584b8a8c596927aadc462e27f2ca70c04e0071964a73ba7a75	MIT OR Apache-2.0	MIT OR Apache-2.0	https://github.com/tkaitchuck/ahash	9aa1ba20f05ed582eda04ea625d5658c92195a57		LICENSE-APACHE@sha256:a60eea817514531668d7e00765731449fe14d059d3249e0bc93b36de45f759f2;LICENSE-MIT@sha256:0444c6991eead6822f7b9102e654448d51624431119546492e8b231db42c48bb
aho-corasick	1.1.4	registry+https://github.com/rust-lang/crates.io-index	ddd31a130427c27518df266943a5308ed92d4b226cc639f5a8f1002816174301	Unlicense OR MIT	Unlicense OR MIT	https://github.com/BurntSushi/aho-corasick	17f8b32e3b7c845ef3c5429b823804f552f14ec9		COPYING@sha256:01c266bced4a434da0051174d6bee16a4c82cf634e2679b6155d40d75012390f;LICENSE-MIT@sha256:0f96a83840e146e43c0ec96a22ec1f392e0680e6c1226e6f3ba87e0740af850f
allocator-api2	0.2.21	registry+https://github.com/rust-lang/crates.io-index	683d7910e743518b0e34f1186f92494becacb047c7b6bf616c96772180fef923	MIT OR Apache-2.0	MIT OR Apache-2.0	https://github.com/zakarumych/allocator-api2	63cd7fcc2f8854b5821c7054d026e8a4647acde1		LICENSE-APACHE@sha256:20fe7b00e904ed690e3b9fd6073784d3fc428141dbd10b81c01fd143d0797f58;LICENSE-MIT@sha256:36516aefdc84c5d5a1e7485425913a22dbda69eb1930c5e84d6ae4972b5194b9
anyhow	1.0.102	registry+https://github.com/rust-lang/crates.io-index	7f202df86484c868dbad7eaa557ef785d5c66295e41b460ef922eca0723b842c	MIT OR Apache-2.0	MIT OR Apache-2.0	https://github.com/dtolnay/anyhow	5c657b32522023a9f7ef883fb08582fd8e656b1a		LICENSE-APACHE@sha256:62c7a1e35f56406896d7aa7ca52d0cc0d272ac022b5d2796e7d6905db8a3636a;LICENSE-MIT@sha256:23f18e03dc49df91622fe2a76176497404e46ced8a715d9d2b67a7446571cca3
arrayref	0.3.9	registry+https://github.com/rust-lang/crates.io-index	76a2e8124351fda1ef8aaaa3bbd7ebbcb486bbcd4225aca0aa0d84bb2db8fecb	BSD-2-Clause	BSD-2-Clause	https://github.com/droundy/arrayref	f8d0299d863922db6c409d08098941e833b70d69		LICENSE@sha256:1bc7e6f475b3ec99b7e2643411950ae2368c250dd4c5c325f80f9811362a94a1
arrayvec	0.7.6	registry+https://github.com/rust-lang/crates.io-index	7c02d123df017efcdfbd739ef81735b36c5ba83ec3c59c80a9d7ecc718f92e50	MIT OR Apache-2.0	MIT OR Apache-2.0	https://github.com/bluss/arrayvec	0aede877fe0bfb1ba5e3c2024df8c0958d503a83		LICENSE-APACHE@sha256:a60eea817514531668d7e00765731449fe14d059d3249e0bc93b36de45f759f2;LICENSE-MIT@sha256:4da95ec4ecb65b738d470b7d762894ad9c97da93e6cbfb18b570fc2c96f4b871
ashpd	0.13.11	registry+https://github.com/rust-lang/crates.io-index	340e0f6bf7f9ee78549c61454f1460a3ed97c011902ee76b58301bbc6d502a32	MIT	MIT	https://github.com/bilelmoussaoui/ashpd	3ee41bb02b79eeccddc5d86ae52998d8225d1f6b	client	LICENSE@sha256:ae26bc7b1bc91fb8648f6a298decbb1a77090a56c9d04e2c23b8365e5f54acb5
async-broadcast	0.7.2	registry+https://github.com/rust-lang/crates.io-index	435a87a52755b8f27fcf321ac4f04b2802e337c8c4872923137471ec39c37532	MIT OR Apache-2.0	MIT OR Apache-2.0	https://github.com/smol-rs/async-broadcast	f7a99132b7e12cb03945013df78b93a35ceafbc1		LICENSE-APACHE@sha256:e4705ddab847449a2cdcb3c88b005ea10330aa249d9148ca2eef9c84c5d29895;LICENSE-MIT@sha256:24e5860bf589d8501643e6ea51ffb3df66db2867492b09033d486183efbfa970
async-channel	2.5.0	registry+https://github.com/rust-lang/crates.io-index	924ed96dd52d1b75e9c1a3e6275715fd320f5f9439fb5a4a11fa51f4221158d2	Apache-2.0 OR MIT	Apache-2.0 OR MIT	https://github.com/smol-rs/async-channel	35a63c456aaa1906015f5a825e7e35505a749afa		LICENSE-APACHE@sha256:a60eea817514531668d7e00765731449fe14d059d3249e0bc93b36de45f759f2;LICENSE-MIT@sha256:23f18e03dc49df91622fe2a76176497404e46ced8a715d9d2b67a7446571cca3
async-compat	0.2.5	registry+https://github.com/rust-lang/crates.io-index	a1ba85bc55464dcbf728b56d97e119d673f4cf9062be330a9a26f3acf504a590	Apache-2.0 OR MIT	Apache-2.0 OR MIT	https://github.com/smol-rs/async-compat	9761a9dd28b6fd8ecc4523f502a8166a8727decd		LICENSE-APACHE@sha256:a60eea817514531668d7e00765731449fe14d059d3249e0bc93b36de45f759f2;LICENSE-MIT@sha256:23f18e03dc49df91622fe2a76176497404e46ced8a715d9d2b67a7446571cca3
async-executor	1.14.0	registry+https://github.com/rust-lang/crates.io-index	c96bf972d85afc50bf5ab8fe2d54d1586b4e0b46c97c50a0c9e71e2f7bcd812a	Apache-2.0 OR MIT	Apache-2.0 OR MIT	https://github.com/smol-rs/async-executor	543403e773ec4941a6272e29c2ff649bfd01a4f8		LICENSE-APACHE@sha256:a60eea817514531668d7e00765731449fe14d059d3249e0bc93b36de45f759f2;LICENSE-MIT@sha256:23f18e03dc49df91622fe2a76176497404e46ced8a715d9d2b67a7446571cca3
async-io	2.6.0	registry+https://github.com/rust-lang/crates.io-index	456b8a8feb6f42d237746d4b3e9a178494627745c3c56c6ea55d92ba50d026fc	Apache-2.0 OR MIT	Apache-2.0 OR MIT	https://github.com/smol-rs/async-io	576b470ca3cadefdec8b169279df23c9a0a63495		LICENSE-APACHE@sha256:a60eea817514531668d7e00765731449fe14d059d3249e0bc93b36de45f759f2;LICENSE-MIT@sha256:23f18e03dc49df91622fe2a76176497404e46ced8a715d9d2b67a7446571cca3
async-lock	3.4.2	registry+https://github.com/rust-lang/crates.io-index	290f7f2596bd5b78a9fec8088ccd89180d7f9f55b94b0576823bbbdc72ee8311	Apache-2.0 OR MIT	Apache-2.0 OR MIT	https://github.com/smol-rs/async-lock	f07ba65a02ec3eca32fa95e6d13dc754d619bb35		LICENSE-APACHE@sha256:a60eea817514531668d7e00765731449fe14d059d3249e0bc93b36de45f759f2;LICENSE-MIT@sha256:23f18e03dc49df91622fe2a76176497404e46ced8a715d9d2b67a7446571cca3
async-process	2.5.0	registry+https://github.com/rust-lang/crates.io-index	fc50921ec0055cdd8a16de48773bfeec5c972598674347252c0399676be7da75	Apache-2.0 OR MIT	Apache-2.0 OR MIT	https://github.com/smol-rs/async-process	81112a911898d607d176d37b85f56a1da0061455		LICENSE-APACHE@sha256:a60eea817514531668d7e00765731449fe14d059d3249e0bc93b36de45f759f2;LICENSE-MIT@sha256:23f18e03dc49df91622fe2a76176497404e46ced8a715d9d2b67a7446571cca3
async-recursion	1.1.1	registry+https://github.com/rust-lang/crates.io-index	3b43422f69d8ff38f95f1b2bb76517c91589a924d1559a0e935d7c8ce0274c11	MIT OR Apache-2.0	MIT OR Apache-2.0	https://github.com/dcchut/async-recursion	3254b12e384f7688f9a1b95c54cfa07fe82baee7		LICENSE-APACHE@sha256:769f80b5bcb42ed0af4e4d2fd74e1ac9bf843cb80c5a29219d1ef3544428a6bb;LICENSE-MIT@sha256:30fefc3a7d6a0041541858293bcbea2dde4caa4c0a5802f996a7f7e8c0085652
async-signal	0.2.14	registry+https://github.com/rust-lang/crates.io-index	52b5aaafa020cf5053a01f2a60e8ff5dccf550f0f77ec54a4e47285ac2bab485	Apache-2.0 OR MIT	Apache-2.0 OR MIT	https://github.com/smol-rs/async-signal	d750e57adccbd90c4c4e93d184aeabcf5b22f057		LICENSE-APACHE@sha256:a60eea817514531668d7e00765731449fe14d059d3249e0bc93b36de45f759f2;LICENSE-MIT@sha256:23f18e03dc49df91622fe2a76176497404e46ced8a715d9d2b67a7446571cca3
async-task	4.7.1	registry+https://github.com/rust-lang/crates.io-index	8b75356056920673b02621b35afd0f7dda9306d03c79a30f5c56c44cf256e3de	Apache-2.0 OR MIT	Apache-2.0 OR MIT	https://github.com/smol-rs/async-task	3065c372e1ef1611230195ad7f3aae80ffde8261		LICENSE-APACHE@sha256:a60eea817514531668d7e00765731449fe14d059d3249e0bc93b36de45f759f2;LICENSE-MIT@sha256:23f18e03dc49df91622fe2a76176497404e46ced8a715d9d2b67a7446571cca3
async-trait	0.1.89	registry+https://github.com/rust-lang/crates.io-index	9035ad2d096bed7955a320ee7e2230574d28fd3c3a0f186cbea1ff3c7eed5dbb	MIT OR Apache-2.0	MIT OR Apache-2.0	https://github.com/dtolnay/async-trait	a7e91e98a5d2de2ceae52d9459eed309939a98bf		LICENSE-APACHE@sha256:62c7a1e35f56406896d7aa7ca52d0cc0d272ac022b5d2796e7d6905db8a3636a;LICENSE-MIT@sha256:23f18e03dc49df91622fe2a76176497404e46ced8a715d9d2b67a7446571cca3
atomic-waker	1.1.2	registry+https://github.com/rust-lang/crates.io-index	1505bd5d3d116872e7271a6d4e16d81d0c8570876c8de68093a09ac269d8aac0	Apache-2.0 OR MIT	Apache-2.0 OR MIT	https://github.com/smol-rs/atomic-waker	9969a29ccd1fe298e2df7346849c0095ba303a64		LICENSE-APACHE@sha256:a60eea817514531668d7e00765731449fe14d059d3249e0bc93b36de45f759f2;LICENSE-MIT@sha256:23f18e03dc49df91622fe2a76176497404e46ced8a715d9d2b67a7446571cca3;LICENSE-THIRD-PARTY@sha256:6226d0632e2e1a80c23597e964da9812ae193c535fe058154afb034e94167aa5
atspi	0.30.0	registry+https://github.com/rust-lang/crates.io-index	6bf601cccedfffec598ec2db1f9d6745885458bccc0e8916d7023f017c94b3d0	Apache-2.0 OR MIT	Apache-2.0 OR MIT	https://github.com/odilia-app/atspi	7c3ce193accd9b48929c6c845afca9c6cf250710	atspi	LICENSE-APACHE2.txt@sha256:50e6751797c50dedd75ef1b8a0d9e42f5f8472e9fbce91f34718e9f97b0c780a;LICENSE-MIT.txt@sha256:a94bf521d21b7db984c8b141b6f9341bbedbe24e617c1a55d952f8ef613ef1cd
atspi-common	0.14.0	registry+https://github.com/rust-lang/crates.io-index	f8a79bed3f5b408ce3152f36e07327a845e6ed5d7e2821a89264037dbcc11daf	Apache-2.0 OR MIT	Apache-2.0 OR MIT	https://github.com/odilia-app/atspi	7c3ce193accd9b48929c6c845afca9c6cf250710	atspi-common	LICENSE-APACHE2.txt@sha256:50e6751797c50dedd75ef1b8a0d9e42f5f8472e9fbce91f34718e9f97b0c780a;LICENSE-MIT.txt@sha256:a94bf521d21b7db984c8b141b6f9341bbedbe24e617c1a55d952f8ef613ef1cd
atspi-connection	0.14.0	registry+https://github.com/rust-lang/crates.io-index	8fab8e4f574f5a7d3af280b38eff25fb6f47a537dac9ae39ce152f52b19fb10b	Apache-2.0 OR MIT	Apache-2.0 OR MIT	https://github.com/odilia-app/atspi/	7c3ce193accd9b48929c6c845afca9c6cf250710	atspi-connection	LICENSE-APACHE2.txt@sha256:50e6751797c50dedd75ef1b8a0d9e42f5f8472e9fbce91f34718e9f97b0c780a;LICENSE-MIT.txt@sha256:a94bf521d21b7db984c8b141b6f9341bbedbe24e617c1a55d952f8ef613ef1cd
atspi-proxies	0.14.0	registry+https://github.com/rust-lang/crates.io-index	53403acd3ab2fdb5914f6558da22e540fc07656fce5510f8c02be0e6ef68413e	Apache-2.0 OR MIT	Apache-2.0 OR MIT	https://github.com/odilia-app/atspi	7c3ce193accd9b48929c6c845afca9c6cf250710	atspi-proxies	LICENSE-APACHE2.txt@sha256:50e6751797c50dedd75ef1b8a0d9e42f5f8472e9fbce91f34718e9f97b0c780a;LICENSE-MIT.txt@sha256:a94bf521d21b7db984c8b141b6f9341bbedbe24e617c1a55d952f8ef613ef1cd
autocfg	1.5.0	registry+https://github.com/rust-lang/crates.io-index	c08606f8c3cbf4ce6ec8e28fb0014a2c086708fe954eaa885384a6165172e7e8	Apache-2.0 OR MIT	Apache-2.0 OR MIT	https://github.com/cuviper/autocfg	d912169ed67977efe5a465269b0e73cb66060c49		LICENSE-APACHE@sha256:a60eea817514531668d7e00765731449fe14d059d3249e0bc93b36de45f759f2;LICENSE-MIT@sha256:27995d58ad5c1145c1a8cd86244ce844886958a35eb2b78c6b772748669999ac
base64	0.22.1	registry+https://github.com/rust-lang/crates.io-index	72b3254f16251a8381aa12e40e3c4d2f0199f8c6508fbecb9d91f575e0fbb8c6	MIT OR Apache-2.0	MIT OR Apache-2.0	https://github.com/marshallpierce/rust-base64	e14400697453bcc85997119b874bc03d9601d0af		LICENSE-APACHE@sha256:a60eea817514531668d7e00765731449fe14d059d3249e0bc93b36de45f759f2;LICENSE-MIT@sha256:0dd882e53de11566d50f8e8e2d5a651bcf3fabee4987d70f306233cf39094ba7
bit-set	0.8.0	registry+https://github.com/rust-lang/crates.io-index	08807e080ed7f9d5433fa9b275196cfc35414f66a0c79d864dc51a0d825231a3	Apache-2.0 OR MIT	Apache-2.0 OR MIT	https://github.com/contain-rs/bit-set	2b8861d23b53d63d326d2694ddabde6e7b19fbd0		LICENSE-APACHE@sha256:8173d5c29b4f956d532781d2b86e4e30f83e6b7878dce18c919451d6ba707c90;LICENSE-MIT@sha256:f51ac2c59a222f7476ce507ca879960e2b64ea64bb2786eefdbeb7b0b538d1b7
bit-vec	0.8.0	registry+https://github.com/rust-lang/crates.io-index	5e764a1d40d510daf35e07be9eb06e75770908c27d411ee6c92109c9840eaaf7	Apache-2.0 OR MIT	Apache-2.0 OR MIT	https://github.com/contain-rs/bit-vec	16d8d5ed27e9d379ae5d531ffcf7535cd02ef8f3		LICENSE-APACHE@sha256:8173d5c29b4f956d532781d2b86e4e30f83e6b7878dce18c919451d6ba707c90;LICENSE-MIT@sha256:f51ac2c59a222f7476ce507ca879960e2b64ea64bb2786eefdbeb7b0b538d1b7
bitflags	1.3.2	registry+https://github.com/rust-lang/crates.io-index	bef38d45163c2f1dde094a7dfd33ccf595c92905c8f8f4fdc18d06fb1037718a	MIT/Apache-2.0	MIT OR Apache-2.0	https://github.com/bitflags/bitflags	ed185cfb1c447c1b4bd6ac021c9ec3bb02c9e2f2		LICENSE-APACHE@sha256:a60eea817514531668d7e00765731449fe14d059d3249e0bc93b36de45f759f2;LICENSE-MIT@sha256:6485b8ed310d3f0340bf1ad1f47645069ce4069dcc6bb46c7d5c6faf41de1fdb
bitflags	2.11.1	registry+https://github.com/rust-lang/crates.io-index	c4512299f36f043ab09a583e57bceb5a5aab7a73db1805848e8fef3c9e8c78b3	MIT OR Apache-2.0	MIT OR Apache-2.0	https://github.com/bitflags/bitflags	4ed9ffa949970239cd2d87c775e9fdcf9c438fb5		LICENSE-APACHE@sha256:a60eea817514531668d7e00765731449fe14d059d3249e0bc93b36de45f759f2;LICENSE-MIT@sha256:6485b8ed310d3f0340bf1ad1f47645069ce4069dcc6bb46c7d5c6faf41de1fdb
bitvec	1.0.1	registry+https://github.com/rust-lang/crates.io-index	1bc2832c24239b0141d5674bb9174f9d68a8b5b3f2753311927c172ca46f7e9c	MIT	MIT	https://github.com/bitvecto-rs/bitvec	c922de6998be994cb5be1a349c7a0a0d16a19f07		LICENSE.txt@sha256:411781fd38700f2357a14126d0ab048164ab881f1dcb335c1bb932e232c9a2f5
block-buffer	0.10.4	registry+https://github.com/rust-lang/crates.io-index	3078c7629b62d3f0439517fa394996acacc5cbc91c5a20d8c658e77abd503a71	MIT OR Apache-2.0	MIT OR Apache-2.0	https://github.com/RustCrypto/utils	6d35952d3d3b124bc1049ad6fb406b42b1ce4bfe	block-buffer	LICENSE-APACHE@sha256:a9040321c3712d8fd0b09cf52b17445de04a23a10165049ae187cd39e5c86be5;LICENSE-MIT@sha256:d5c22aa3118d240e877ad41c5d9fa232f9c77d757d4aac0c2f943afc0a95e0ef
blocking	1.6.2	registry+https://github.com/rust-lang/crates.io-index	e83f8d02be6967315521be875afa792a316e28d57b5a2d401897e2a7921b7f21	Apache-2.0 OR MIT	Apache-2.0 OR MIT	https://github.com/smol-rs/blocking	6c4eddec184c36ebf01db23a640109bd98cd3707		LICENSE-APACHE@sha256:a60eea817514531668d7e00765731449fe14d059d3249e0bc93b36de45f759f2;LICENSE-MIT@sha256:23f18e03dc49df91622fe2a76176497404e46ced8a715d9d2b67a7446571cca3
borrow-or-share	0.2.4	registry+https://github.com/rust-lang/crates.io-index	dc0b364ead1874514c8c2855ab558056ebfeb775653e7ae45ff72f28f8f3166c	MIT-0	MIT-0	https://github.com/yescallop/borrow-or-share	fa67a43ce36367757ace1824434b9edaa53f5a09		LICENSE@sha256:010492e490b92ec85db01daad2a290ea5959f29314a1c4ff25e7a172e223abf9
bstr	1.13.0	registry+https://github.com/rust-lang/crates.io-index	1f7dc094d718f2e1c1559ad110e27eeaae14a5465d3d56dd6dbd793079fbd530	MIT OR Apache-2.0	MIT OR Apache-2.0	https://github.com/BurntSushi/bstr	63c6578f22bb8eda35a983e5c937d79c16b2a355		COPYING@sha256:68653aaa727a2bfa31b7a751e31701ce33c49d695c12dd291a07d1c54da4c14b;LICENSE-APACHE@sha256:a60eea817514531668d7e00765731449fe14d059d3249e0bc93b36de45f759f2;LICENSE-MIT@sha256:6b7374c39a57e57fc2c38eb529c4c88340152b10f51dd5ae2d819dfa67f61715
bytecount	0.6.9	registry+https://github.com/rust-lang/crates.io-index	175812e0be2bccb6abe50bb8d566126198344f707e304f45c648fd8f2cc0365e	Apache-2.0/MIT	Apache-2.0 OR MIT	https://github.com/llogiq/bytecount	f06647f90a45ab302d9423dbe85019d595abf8c2		LICENSE.Apache2@sha256:b40930bbcf80744c86c46a12bc9da056641d722716c378f5659b9e555ef833e1;LICENSE.MIT@sha256:a5dea80c1f383cb5f80a6bb0da5e55a2beb9f24adb123ce6300af2cbaaa3bf65
bytemuck	1.25.0	registry+https://github.com/rust-lang/crates.io-index	c8efb64bd706a16a1bdde310ae86b351e4d21550d98d056f22f8a7f7a2183fec	Zlib OR Apache-2.0 OR MIT	Zlib OR Apache-2.0 OR MIT	https://github.com/Lokathor/bytemuck	164cedda0eae131bc6cb67902599f4ec253642ca		LICENSE-APACHE@sha256:e3ba223bb1423f0aad8c3dfce0fe3148db48926d41e6fbc3afbbf5ff9e1c89cb;LICENSE-MIT@sha256:9df9ba60a11af705f2e451b53762686e615d86f76b169cf075c3237730dbd7e2;LICENSE-ZLIB@sha256:84b34dd7608f7fb9b17bd588a6bf392bf7de504e2716f024a77d89f1b145a151
byteorder	1.5.0	registry+https://github.com/rust-lang/crates.io-index	1fd0f2584146f6f2ef48085050886acf353beff7305ebd1ae69500e27c67f64b	Unlicense OR MIT	Unlicense OR MIT	https://github.com/BurntSushi/byteorder	ec068eefa042d494475db125c4b034bd8e9e34dd		COPYING@sha256:01c266bced4a434da0051174d6bee16a4c82cf634e2679b6155d40d75012390f;LICENSE-MIT@sha256:0f96a83840e146e43c0ec96a22ec1f392e0680e6c1226e6f3ba87e0740af850f
byteorder-lite	0.1.0	registry+https://github.com/rust-lang/crates.io-index	8f1fe948ff07f4bd06c30984e69f5b4899c516a3ef74f34df92a2df2ab535495	Unlicense OR MIT	Unlicense OR MIT	https://github.com/image-rs/byteorder-lite	7d44da06a48fe10d7e23efd9a932d18a7a2def63		LICENSE-MIT@sha256:0f96a83840e146e43c0ec96a22ec1f392e0680e6c1226e6f3ba87e0740af850f
bytes	1.11.1	registry+https://github.com/rust-lang/crates.io-index	1e748733b7cbc798e1434b6ac524f0c1ff2ab456fe201501e6497c8417a4fc33	MIT	MIT	https://github.com/tokio-rs/bytes	417dccdeff249e0c011327de7d92e0d6fbe7cc43		LICENSE@sha256:45f522cacecb1023856e46df79ca625dfc550c94910078bd8aec6e02880b3d42
camino	1.2.4	registry+https://github.com/rust-lang/crates.io-index	5f2d30e4173c4026932d51d31d6b0613b1fd3014bf3f9f8943d4ba139c437ba0	MIT OR Apache-2.0	MIT OR Apache-2.0	https://github.com/camino-rs/camino	896636623ecc0480e0afa2248868f48b626e1676		LICENSE-APACHE@sha256:a60eea817514531668d7e00765731449fe14d059d3249e0bc93b36de45f759f2;LICENSE-MIT@sha256:23f18e03dc49df91622fe2a76176497404e46ced8a715d9d2b67a7446571cca3
cargo-platform	0.1.9	registry+https://github.com/rust-lang/crates.io-index	e35af189006b9c0f00a064685c727031e3ed2d8020f7ba284d78cc2671bd36ea	MIT OR Apache-2.0	MIT OR Apache-2.0	https://github.com/rust-lang/cargo	5ffbef3211a8c378857905775a15c5b32a174d3b	crates/cargo-platform	LICENSE-APACHE@sha256:8ada45cd9f843acf64e4722ae262c622a2b3b3007c7310ef36ac1061a30f6adb;LICENSE-MIT@sha256:23f18e03dc49df91622fe2a76176497404e46ced8a715d9d2b67a7446571cca3
cargo_metadata	0.19.2	registry+https://github.com/rust-lang/crates.io-index	dd5eb614ed4c27c5d706420e4320fbe3216ab31fa1c33cd8246ac36dae4479ba	MIT	MIT	https://github.com/oli-obk/cargo_metadata	0b4be024c57d7855a2dfbdf2ec2a48f3e16e9f78		LICENSE-MIT@sha256:23f18e03dc49df91622fe2a76176497404e46ced8a715d9d2b67a7446571cca3
cc	1.2.62	registry+https://github.com/rust-lang/crates.io-index	a1dce859f0832a7d088c4f1119888ab94ef4b5d6795d1ce05afb7fe159d79f98	MIT OR Apache-2.0	MIT OR Apache-2.0	https://github.com/rust-lang/cc-rs	37a5f8f4e1a2eaf4cf483fc0fb97d35761b720c5		LICENSE-APACHE@sha256:a60eea817514531668d7e00765731449fe14d059d3249e0bc93b36de45f759f2;LICENSE-MIT@sha256:378f5840b258e2779c39418f3f2d7b2ba96f1c7917dd6be0713f88305dbda397
cfg-if	1.0.4	registry+https://github.com/rust-lang/crates.io-index	9330f8b2ff13f34540b44e946ef35111825727b38d33286ef986142615121801	MIT OR Apache-2.0	MIT OR Apache-2.0	https://github.com/rust-lang/cfg-if	3510ca6abea34cbbc702509a4e50ea9709925eda		LICENSE-APACHE@sha256:a60eea817514531668d7e00765731449fe14d059d3249e0bc93b36de45f759f2;LICENSE-MIT@sha256:378f5840b258e2779c39418f3f2d7b2ba96f1c7917dd6be0713f88305dbda397
chacha20	0.10.1	registry+https://github.com/rust-lang/crates.io-index	d524456ba66e72eb8b115ff89e01e497f8e6d11d78b70b1aa13c0fbd97540a81	MIT OR Apache-2.0	MIT OR Apache-2.0	https://github.com/RustCrypto/stream-ciphers	5f3430b7531a33aa14957b6bd407b46687635124	chacha20	LICENSE-APACHE@sha256:a9040321c3712d8fd0b09cf52b17445de04a23a10165049ae187cd39e5c86be5;LICENSE-MIT@sha256:b8c6939380a400f53e11923d50fcc4dd2fa1ba8339fd9d04cda38a0251b6c9b0
chrono	0.4.45	registry+https://github.com/rust-lang/crates.io-index	1aa79e62e7697b8e29b513a68abacf485adcd1fe8284a4316c5ae868e6633327	MIT OR Apache-2.0	MIT OR Apache-2.0	https://github.com/chronotope/chrono	170338250e836976a211e64728ec956e45e78a39		LICENSE.txt@sha256:946c9835d8034d24404f8cfec5f4654cee5dad17e944afc3d06d742cf2882831
chrono-tz	0.10.4	registry+https://github.com/rust-lang/crates.io-index	a6139a8597ed92cf816dfb33f5dd6cf0bb93a6adc938f11039f371bc5bcd26c3	MIT OR Apache-2.0	MIT OR Apache-2.0	https://github.com/chronotope/chrono-tz	e15d1f308a1ac2fdf3f1bf19c325dc202d418081	chrono-tz	LICENSE@sha256:4789210f4df8abc03fce1cddd9c2ba517f184840687f2815d741de282c1aa93a;tz/LICENSE@sha256:0613408568889f5739e5ae252b722a2659c02002839ad970a63dc5e9174b27cf
clipboard-rs	0.3.5	registry+https://github.com/rust-lang/crates.io-index	d1c988a897ea030e32f0668c90b0192800e0c561b3d941fc366f9ad5a1bf26ba	MIT	MIT	https://github.com/ChurchTao/clipboard-rs	85797aafaa40cc119451516fbab0a4fa67b3c6d3		LICENSE@sha256:3467db29f1ec98b2e1e4d27562ca14f10f4500ba35ac352fe640f8774e0f663e
cobs	0.3.0	registry+https://github.com/rust-lang/crates.io-index	0fa961b519f0b462e3a3b4a34b64d119eeaca1d59af726fe450bbba07a9fc0a1	MIT OR Apache-2.0	MIT OR Apache-2.0	https://github.com/jamesmunns/cobs.rs	b86d5c1ace3d8c311d1db143f05f8083743700d1		LICENSE-APACHE@sha256:c6596eb7be8581c18be736c846fb9173b69eccf6ef94c5135893ec56bd92ba08;LICENSE-MIT@sha256:e0cfa1006a64520633de6bfbf563f5b1bea04ef0c5b73f049681931fa297dda3
concurrent-queue	2.5.0	registry+https://github.com/rust-lang/crates.io-index	4ca0197aee26d1ae37445ee532fefce43251d24cc7c166799f4d46817f1d3973	Apache-2.0 OR MIT	Apache-2.0 OR MIT	https://github.com/smol-rs/concurrent-queue	e874f701f8413de01948c4903f894e5c845d8950		LICENSE-APACHE@sha256:a60eea817514531668d7e00765731449fe14d059d3249e0bc93b36de45f759f2;LICENSE-MIT@sha256:23f18e03dc49df91622fe2a76176497404e46ced8a715d9d2b67a7446571cca3
cpufeatures	0.2.17	registry+https://github.com/rust-lang/crates.io-index	59ed5838eebb26a2bb2e58f6d5b5316989ae9d08bab10e0e6d103e656d1b0280	MIT OR Apache-2.0	MIT OR Apache-2.0	https://github.com/RustCrypto/utils	9d92d5e95ab4c07c5d8bfd024bf2a17e96d20feb	cpufeatures	LICENSE-APACHE@sha256:a9040321c3712d8fd0b09cf52b17445de04a23a10165049ae187cd39e5c86be5;LICENSE-MIT@sha256:ae9baa7beea910273c2f384c2a6b721fb7bd02bda3436074a1072e4ee689f985
cpufeatures	0.3.0	registry+https://github.com/rust-lang/crates.io-index	8b2a41393f66f16b0823bb79094d54ac5fbd34ab292ddafb9a0456ac9f87d201	MIT OR Apache-2.0	MIT OR Apache-2.0	https://github.com/RustCrypto/utils	31e6ec3727f11f9f5e0c106e282014653a4d7bb7	cpufeatures	LICENSE-APACHE@sha256:a9040321c3712d8fd0b09cf52b17445de04a23a10165049ae187cd39e5c86be5;LICENSE-MIT@sha256:ae9baa7beea910273c2f384c2a6b721fb7bd02bda3436074a1072e4ee689f985
crc32fast	1.5.0	registry+https://github.com/rust-lang/crates.io-index	9481c1c90cbf2ac953f07c8d4a58aa3945c425b7185c9154d67a65e4230da511	MIT OR Apache-2.0	MIT OR Apache-2.0	https://github.com/srijs/rust-crc32fast	dbf4f76cd71cdcc57d9164cbd46890d53ce0423c		LICENSE-APACHE@sha256:c6596eb7be8581c18be736c846fb9173b69eccf6ef94c5135893ec56bd92ba08;LICENSE-MIT@sha256:61d383b05b87d78f94d2937e2580cce47226d17823c0430fbcad09596537efcf
crossbeam-channel	0.5.15	registry+https://github.com/rust-lang/crates.io-index	82b8f8f868b36967f9606790d1903570de9ceaf870a7bf9fbbd3016d636a2cb2	MIT OR Apache-2.0	MIT OR Apache-2.0	https://github.com/crossbeam-rs/crossbeam	d35ffde18a76ae9667f602d8c0127ff89ac2e4d4	crossbeam-channel	LICENSE-APACHE@sha256:a60eea817514531668d7e00765731449fe14d059d3249e0bc93b36de45f759f2;LICENSE-MIT@sha256:5734ed989dfca1f625b40281ee9f4530f91b2411ec01cb748223e7eb87e201ab;LICENSE-THIRD-PARTY@sha256:b16db96b93b1d7cf7bea533f572091ec6bca3234fbe0a83038be772ff391a44c
crossbeam-utils	0.8.21	registry+https://github.com/rust-lang/crates.io-index	d0a5c400df2834b80a4c3327b3aad3a4c4cd4de0629063962b03235697506a28	MIT OR Apache-2.0	MIT OR Apache-2.0	https://github.com/crossbeam-rs/crossbeam	ccd83ac4108a2a1b41e9c6e79c87267167d18dfa	crossbeam-utils	LICENSE-APACHE@sha256:a60eea817514531668d7e00765731449fe14d059d3249e0bc93b36de45f759f2;LICENSE-MIT@sha256:5734ed989dfca1f625b40281ee9f4530f91b2411ec01cb748223e7eb87e201ab
crypto-common	0.1.7	registry+https://github.com/rust-lang/crates.io-index	78c8292055d1c1df0cce5d180393dc8cce0abec0a7102adb6c7b1eef6016d60a	MIT OR Apache-2.0	MIT OR Apache-2.0	https://github.com/RustCrypto/traits	66a997ccf5776ce873da5a48e2885a9908e940f6	crypto-common	LICENSE-APACHE@sha256:a9040321c3712d8fd0b09cf52b17445de04a23a10165049ae187cd39e5c86be5;LICENSE-MIT@sha256:3521672491a3479422d5fe1aca6645dd2984090f85da6e5205abfb18fb7a6897
data-encoding	2.11.0	registry+https://github.com/rust-lang/crates.io-index	a4ae5f15dda3c708c0ade84bfee31ccab44a3da4f88015ed22f63732abe300c8	MIT	MIT	https://github.com/ia0/data-encoding	b4d20e0eeae49cd3514127f2f12048522165b198	lib	LICENSE@sha256:b68ad1a3367b825447089e1f8d6829b97f47a89eb78d2f4ebaef4672f5606186
digest	0.10.7	registry+https://github.com/rust-lang/crates.io-index	9ed9a281f7bc9b7576e61468ba615a66a5c8cfdff42420a70aa82701a3b1e292	MIT OR Apache-2.0	MIT OR Apache-2.0	https://github.com/RustCrypto/traits	344389411fd9718a0742435152e933a9e71461ee	digest	LICENSE-APACHE@sha256:a9040321c3712d8fd0b09cf52b17445de04a23a10165049ae187cd39e5c86be5;LICENSE-MIT@sha256:9e0dfd2dd4173a530e238cb6adb37aa78c34c6bc7444e0e10c1ab5d8881f63ba
dirs	5.0.1	registry+https://github.com/rust-lang/crates.io-index	44c45a9d03d6676652bcb5e724c7e988de1acad23a711b5217ab9cbecbec2225	MIT OR Apache-2.0	MIT OR Apache-2.0	https://github.com/soc/dirs-rs	1c2e3efad531aa67a5656eaedf53fdb8fa9094f7		LICENSE-APACHE@sha256:d3174ad63e721d4c9dccb8ad4320848992d314369bc46319720b5802c9153fe9;LICENSE-MIT@sha256:6a2e0ade09a7d5f816f11566fee2b151b32235a7fad52b41d49cce96f833c1a9
dirs-sys	0.4.1	registry+https://github.com/rust-lang/crates.io-index	520f05a5cbd335fae5a99ff7a6ab8627577660ee5cfd6a94a6a929b52ff0321c	MIT OR Apache-2.0	MIT OR Apache-2.0	https://github.com/dirs-dev/dirs-sys-rs	f369f0904bec9833572f24c988c7e48454173983		LICENSE-APACHE@sha256:d3174ad63e721d4c9dccb8ad4320848992d314369bc46319720b5802c9153fe9;LICENSE-MIT@sha256:6a2e0ade09a7d5f816f11566fee2b151b32235a7fad52b41d49cce96f833c1a9
displaydoc	0.2.5	registry+https://github.com/rust-lang/crates.io-index	97369cbbc041bc366949bc74d34658d6cda5621039731c6310521892a3a20ae0	MIT OR Apache-2.0	MIT OR Apache-2.0	https://github.com/yaahc/displaydoc	e4028851bfb82998300237f7568a45f589a19e40		LICENSE-APACHE@sha256:a60eea817514531668d7e00765731449fe14d059d3249e0bc93b36de45f759f2;LICENSE-MIT@sha256:23f18e03dc49df91622fe2a76176497404e46ced8a715d9d2b67a7446571cca3
downcast-rs	1.2.1	registry+https://github.com/rust-lang/crates.io-index	75b325c5dbd37f80359721ad39aca5a29fb04c89279657cffdda8736d0c0b9d2	MIT/Apache-2.0	MIT OR Apache-2.0	https://github.com/marcianx/downcast-rs	c4c48bad50482df2544115ba971acfd5916e6140		LICENSE-APACHE@sha256:8173d5c29b4f956d532781d2b86e4e30f83e6b7878dce18c919451d6ba707c90;LICENSE-MIT@sha256:fb252fecf98d9af8f1d9201c5860319a514f5a8a24700dc84fc6ea287a7a4958
dyn-clone	1.0.20	registry+https://github.com/rust-lang/crates.io-index	d0881ea181b1df73ff77ffaaf9c7544ecc11e82fba9b5f27b262a3c73a332555	MIT OR Apache-2.0	MIT OR Apache-2.0	https://github.com/dtolnay/dyn-clone	1d2d15c5d9d0d538c9da2141a75422d94c6be194		LICENSE-APACHE@sha256:62c7a1e35f56406896d7aa7ca52d0cc0d272ac022b5d2796e7d6905db8a3636a;LICENSE-MIT@sha256:23f18e03dc49df91622fe2a76176497404e46ced8a715d9d2b67a7446571cca3
email_address	0.2.9	registry+https://github.com/rust-lang/crates.io-index	e079f19b08ca6239f47f8ba8509c11cf3ea30095831f7fed61441475edd8c449	MIT	MIT	https://github.com/johnstonskj/rust-email_address.git	59b64fa29a2ab701bf032a818d6ad7cf356fe024		LICENSE@sha256:39712155836e5c10ef1b07037b606e4ad2d633e72205d162fdd7e2290aa54f15
endi	1.1.1	registry+https://github.com/rust-lang/crates.io-index	66b7e2430c6dff6a955451e2cfc438f09cea1965a9d6f87f7e3b90decc014099	MIT	MIT	https://github.com/zeenix/endi	226224559725a9ef0e0687b3a54eca9ad6a5a6c7		LICENSE-MIT@sha256:23f18e03dc49df91622fe2a76176497404e46ced8a715d9d2b67a7446571cca3
enumflags2	0.7.12	registry+https://github.com/rust-lang/crates.io-index	1027f7680c853e056ebcec683615fb6fbbc07dbaa13b4d5d9442b146ded4ecef	MIT OR Apache-2.0	MIT OR Apache-2.0	https://github.com/meithecatte/enumflags2	332c37f47577e5f6b7104419da7e761963032086		LICENSE-APACHE@sha256:41ba8a366e4129d0b7551f8b98211f59635b2e30c0a3c7845e828e2a7ce42064;LICENSE-MIT@sha256:2e3edd2716fb15616e867bd53f724f0906732242e9ae76bb1faad1d88f7eeebd
enumflags2_derive	0.7.12	registry+https://github.com/rust-lang/crates.io-index	67c78a4d8fdf9953a5c9d458f9efe940fd97a0cab0941c075a813ac594733827	MIT OR Apache-2.0	MIT OR Apache-2.0	https://github.com/meithecatte/enumflags2	332c37f47577e5f6b7104419da7e761963032086	enumflags_derive	LICENSE-APACHE@sha256:68d7c3ae5b131ec533fb33a9fd63753eb82fac77d7597bb5058a5af07adf9f06;LICENSE-MIT@sha256:d13669f0eaff9b7015bff0d8637297213b53d9f239826636c07a15633acf7052
equivalent	1.0.2	registry+https://github.com/rust-lang/crates.io-index	877a4ace8713b0bcf2a4e7eec82529c029f1d0619886d18145fea96c3ffe5c0f	Apache-2.0 OR MIT	Apache-2.0 OR MIT	https://github.com/indexmap-rs/equivalent	44cdd44f8b8ebb5f9ae096c7550a5e74ffb7d6ae		LICENSE-APACHE@sha256:a60eea817514531668d7e00765731449fe14d059d3249e0bc93b36de45f759f2;LICENSE-MIT@sha256:7365cc8878a1d7ce155a58c4ca09c3d7a6be413efa5334a80ea842912b669349
errno	0.3.14	registry+https://github.com/rust-lang/crates.io-index	39cab71617ae0d63f51a36d69f866391735b51691dbda63cf6f96d042b63efeb	MIT OR Apache-2.0	MIT OR Apache-2.0	https://github.com/lambda-fairy/rust-errno	ffc03bfb9eb491013567115e6eea560948cd9e52		LICENSE-APACHE@sha256:a60eea817514531668d7e00765731449fe14d059d3249e0bc93b36de45f759f2;LICENSE-MIT@sha256:8764a597675778ddfd4e25f81b08a05dbcf089ac05662df7613fe67f150e3aa2
evdev	0.12.2	registry+https://github.com/rust-lang/crates.io-index	ab6055a93a963297befb0f4f6e18f314aec9767a4bbe88b151126df2433610a7	Apache-2.0 OR MIT	Apache-2.0 OR MIT	https://github.com/cmr/evdev	02aef0caa6ef0137bf87b99a4c1791fbbb311779		LICENSE-APACHE@sha256:62c7a1e35f56406896d7aa7ca52d0cc0d272ac022b5d2796e7d6905db8a3636a;LICENSE-MIT@sha256:23f18e03dc49df91622fe2a76176497404e46ced8a715d9d2b67a7446571cca3
event-listener	5.4.1	registry+https://github.com/rust-lang/crates.io-index	e13b66accf52311f30a0db42147dadea9850cb48cd070028831ae5f5d4b856ab	Apache-2.0 OR MIT	Apache-2.0 OR MIT	https://github.com/smol-rs/event-listener	0c18ca2308f0dea9147b94141cc2796e85cb42ae		LICENSE-APACHE@sha256:a60eea817514531668d7e00765731449fe14d059d3249e0bc93b36de45f759f2;LICENSE-MIT@sha256:23f18e03dc49df91622fe2a76176497404e46ced8a715d9d2b67a7446571cca3
event-listener-strategy	0.5.4	registry+https://github.com/rust-lang/crates.io-index	8be9f3dfaaffdae2972880079a491a1a8bb7cbed0b8dd7a347f668b4150a3b93	Apache-2.0 OR MIT	Apache-2.0 OR MIT	https://github.com/smol-rs/event-listener-strategy	f533c437e8a6561e9b625c3ee036a8ea7d19375c		LICENSE-APACHE@sha256:a60eea817514531668d7e00765731449fe14d059d3249e0bc93b36de45f759f2;LICENSE-MIT@sha256:23f18e03dc49df91622fe2a76176497404e46ced8a715d9d2b67a7446571cca3
fancy-regex	0.18.0	registry+https://github.com/rust-lang/crates.io-index	e1e1dacd0d2082dfcf1351c4bdd566bbe89a2b263235a2b50058f1e130a47277	MIT	MIT	https://github.com/fancy-regex/fancy-regex	895301dadc30cbf466ba845c063a4158619a09b5		LICENSE@sha256:3bc70e239e91272782006c638fc0452a714d384224f11f0923036b7be07cf9b5
fastrand	2.4.1	registry+https://github.com/rust-lang/crates.io-index	9f1f227452a390804cdb637b74a86990f2a7d7ba4b7d5693aac9b4dd6defd8d6	Apache-2.0 OR MIT	Apache-2.0 OR MIT	https://github.com/smol-rs/fastrand	728a5b503ff233098d9808d572295c4c4f652cd7		LICENSE-APACHE@sha256:a60eea817514531668d7e00765731449fe14d059d3249e0bc93b36de45f759f2;LICENSE-MIT@sha256:23f18e03dc49df91622fe2a76176497404e46ced8a715d9d2b67a7446571cca3
fdeflate	0.3.7	registry+https://github.com/rust-lang/crates.io-index	1e6853b52649d4ac5c0bd02320cddc5ba956bdb407c4b75a2c6b75bf51500f8c	MIT OR Apache-2.0	MIT OR Apache-2.0	https://github.com/image-rs/fdeflate	c365c7e6ffa81feb2e1fb762eed7299f05c9b0ca		LICENSE-APACHE@sha256:0d542e0c8804e39aa7f37eb00da5a762149dc682d7829451287e11b938e94594;LICENSE-MIT@sha256:c77a4cf9da729987d0fe7ccd811e3bd27393914ddf3d23467c18cc22954513b3
filetime	0.2.29	registry+https://github.com/rust-lang/crates.io-index	5c287a33c7f0a620c38e641e7f60827713987b3c0f26e8ddc9462cc69cf75759	MIT/Apache-2.0	MIT OR Apache-2.0	https://github.com/alexcrichton/filetime	ab5ee65b5e4fe2de19dbe7d4fe08bc31e945949c		LICENSE-APACHE@sha256:a60eea817514531668d7e00765731449fe14d059d3249e0bc93b36de45f759f2;LICENSE-MIT@sha256:378f5840b258e2779c39418f3f2d7b2ba96f1c7917dd6be0713f88305dbda397
find-msvc-tools	0.1.9	registry+https://github.com/rust-lang/crates.io-index	5baebc0774151f905a1a2cc41989300b1e6fbb29aff0ceffa1064fdd3088d582	MIT OR Apache-2.0	MIT OR Apache-2.0	https://github.com/rust-lang/cc-rs	0767349e1d1253e6849b4c2af2059db661f54343	find-msvc-tools	LICENSE-APACHE@sha256:a60eea817514531668d7e00765731449fe14d059d3249e0bc93b36de45f759f2;LICENSE-MIT@sha256:378f5840b258e2779c39418f3f2d7b2ba96f1c7917dd6be0713f88305dbda397
fixedbitset	0.5.7	registry+https://github.com/rust-lang/crates.io-index	1d674e81391d1e1ab681a28d99df07927c6d4aa5b027d7da16ba32d1d21ecd99	MIT OR Apache-2.0	MIT OR Apache-2.0	https://github.com/petgraph/fixedbitset	f1db5d17dabc4b8f3ba68c1228a3ee7601c7f33c		LICENSE-APACHE@sha256:a60eea817514531668d7e00765731449fe14d059d3249e0bc93b36de45f759f2;LICENSE-MIT@sha256:ce592787ff2321feab698a4c612237f4378cc658ebb1d472913e5802cc47afb4
flate2	1.1.9	registry+https://github.com/rust-lang/crates.io-index	843fba2746e448b37e26a819579957415c8cef339bf08564fe8b7ddbd959573c	MIT OR Apache-2.0	MIT OR Apache-2.0	https://github.com/rust-lang/flate2-rs	19ddb18bf11199858fbc6504d079448fafd1606e		LICENSE-APACHE@sha256:a60eea817514531668d7e00765731449fe14d059d3249e0bc93b36de45f759f2;LICENSE-MIT@sha256:025436edff4cfcdde17a5811fdea78892d8482efd1abdec5a17872d07a4f2112
fluent-uri	0.4.1	registry+https://github.com/rust-lang/crates.io-index	bc74ac4d8359ae70623506d512209619e5cf8f347124910440dbc221714b328e	MIT	MIT	https://github.com/yescallop/fluent-uri-rs	d9a6a20614f34b00476837eb8904fb01ca3e54df		LICENSE@sha256:9fa38f610a00115dd1f612bdd3559e3b381ea579538b6ff25a5899da250a5fce
fnv	1.0.7	registry+https://github.com/rust-lang/crates.io-index	3f9eec918d3f24069decb9af1554cad7c880e2da24a9afd88aca000531ab82c1	Apache-2.0 / MIT	Apache-2.0 OR MIT	https://github.com/servo/rust-fnv	4b4784ebfd3332dc61f0640764d6f1140e03a9ab		LICENSE-APACHE@sha256:a60eea817514531668d7e00765731449fe14d059d3249e0bc93b36de45f759f2;LICENSE-MIT@sha256:65fdb6c76cd61612070c066eec9ecdb30ee74fb27859d0d9af58b9f499fd0c3e
foldhash	0.1.5	registry+https://github.com/rust-lang/crates.io-index	d9c4f5dac5e15c24eb999c26181a6ca40b39fe946cbe4c263c7209467bc83af2	Zlib	Zlib	https://github.com/orlp/foldhash	42461756c3760f9165c90d9626a49e36980a1e47		LICENSE@sha256:b1181a40b2a7b25cf66fd01481713bc1005df082c53ef73e851e55071b102744
foldhash	0.2.0	registry+https://github.com/rust-lang/crates.io-index	77ce24cb58228fbb8aa041425bb1050850ac19177686ea6e0f41a70416f56fdb	Zlib	Zlib	https://github.com/orlp/foldhash	8f878c636fda9c9e93384824ea45e06d03f009f5		LICENSE@sha256:b1181a40b2a7b25cf66fd01481713bc1005df082c53ef73e851e55071b102744
fontdue	0.9.3	registry+https://github.com/rust-lang/crates.io-index	2e57e16b3fe8ff4364c0661fdaac543fb38b29ea9bc9c2f45612d90adf931d2b	MIT OR Apache-2.0 OR Zlib	MIT OR Apache-2.0 OR Zlib	https://github.com/mooman219/fontdue	1f1f6ddbe3c9f918952df707763e60d0bb2ce197		LICENSE-APACHE@sha256:a6cba85bc92e0cff7a450b1d873c0eaa2e9fc96bf472df0247a26bec77bf3ff9;LICENSE-MIT@sha256:a72354dd6206c20dff7c9fd45b137261e00a31f71ffb8fe67d5ca0c8170b5fd5;LICENSE-ZLIB@sha256:d829cfa632d2a44fe9e303ff293add677ed70e4b8f5e2176aa7a19d0936e61ac
form_urlencoded	1.2.2	registry+https://github.com/rust-lang/crates.io-index	cb4cb245038516f5f85277875cdaa4f7d2c9a0fa0468de06ed190163b1581fcf	MIT OR Apache-2.0	MIT OR Apache-2.0	https://github.com/servo/rust-url	91377f48bf35011d042aa5abef9e7f2a0a625aaa	form_urlencoded	LICENSE-APACHE@sha256:a60eea817514531668d7e00765731449fe14d059d3249e0bc93b36de45f759f2;LICENSE-MIT@sha256:20c7855c364d57ea4c97889a5e8d98470a9952dade37bd9248b9a54431670e5e
fraction	0.15.4	registry+https://github.com/rust-lang/crates.io-index	e076045bb43dac435333ed5f04caf35c7463631d0dae2deb2638d94dd0a5b872	MIT OR Apache-2.0	MIT OR Apache-2.0	https://github.com/dnsl48/fraction.git	f127bbf2720b3a8498d8551da66ef868799f8acb		LICENSE-APACHE@sha256:a60eea817514531668d7e00765731449fe14d059d3249e0bc93b36de45f759f2;LICENSE-MIT@sha256:6485b8ed310d3f0340bf1ad1f47645069ce4069dcc6bb46c7d5c6faf41de1fdb
fs-err	2.11.0	registry+https://github.com/rust-lang/crates.io-index	88a41f105fe1d5b6b34b2055e3dc59bb79b46b48b2040b9e6c7b4b5de097aa41	MIT/Apache-2.0	MIT OR Apache-2.0	https://github.com/andrewhickman/fs-err	ba9888793c517a82499c8df1ad013529d8578777		LICENSE-APACHE@sha256:7cfd738c53d61c79f07e348f622bf7707c9084237054d37fbe07788a75f5881c;LICENSE-MIT@sha256:36516aefdc84c5d5a1e7485425913a22dbda69eb1930c5e84d6ae4972b5194b9
funty	2.0.0	registry+https://github.com/rust-lang/crates.io-index	e6d5a32815ae3f33302d95fdcb2ce17862f8c65363dcfd29360480ba1001fc9c	MIT	MIT	https://github.com/myrrlyn/funty	25ca048375e389d703a0cefb377e32c4cc0a9dc5		LICENSE.txt@sha256:f790cc576999f5998c766d3d26d7d64dc368e805a98461484f65e8d961ec6d9f
futures-core	0.3.32	registry+https://github.com/rust-lang/crates.io-index	7e3450815272ef58cec6d564423f6e755e25379b217b0bc688e295ba24df6b1d	MIT OR Apache-2.0	MIT OR Apache-2.0	https://github.com/rust-lang/futures-rs	d9bba94c239daa1175a5bb2958f37a5c72db3f6a	futures-core	LICENSE-APACHE@sha256:275c491d6d1160553c32fd6127061d7f9606c3ea25abfad6ca3f6ed088785427;LICENSE-MIT@sha256:6652c868f35dfe5e8ef636810a4e576b9d663f3a17fb0f5613ad73583e1b88fd
futures-io	0.3.32	registry+https://github.com/rust-lang/crates.io-index	cecba35d7ad927e23624b22ad55235f2239cfa44fd10428eecbeba6d6a717718	MIT OR Apache-2.0	MIT OR Apache-2.0	https://github.com/rust-lang/futures-rs	d9bba94c239daa1175a5bb2958f37a5c72db3f6a	futures-io	LICENSE-APACHE@sha256:275c491d6d1160553c32fd6127061d7f9606c3ea25abfad6ca3f6ed088785427;LICENSE-MIT@sha256:6652c868f35dfe5e8ef636810a4e576b9d663f3a17fb0f5613ad73583e1b88fd
futures-lite	2.6.1	registry+https://github.com/rust-lang/crates.io-index	f78e10609fe0e0b3f4157ffab1876319b5b0db102a2c60dc4626306dc46b44ad	Apache-2.0 OR MIT	Apache-2.0 OR MIT	https://github.com/smol-rs/futures-lite	226ce18976d8714d6bd9700b61dcc81d7200bc9a		LICENSE-APACHE@sha256:a60eea817514531668d7e00765731449fe14d059d3249e0bc93b36de45f759f2;LICENSE-MIT@sha256:23f18e03dc49df91622fe2a76176497404e46ced8a715d9d2b67a7446571cca3;LICENSE-THIRD-PARTY@sha256:6226d0632e2e1a80c23597e964da9812ae193c535fe058154afb034e94167aa5
futures-macro	0.3.32	registry+https://github.com/rust-lang/crates.io-index	e835b70203e41293343137df5c0664546da5745f82ec9b84d40be8336958447b	MIT OR Apache-2.0	MIT OR Apache-2.0	https://github.com/rust-lang/futures-rs	d9bba94c239daa1175a5bb2958f37a5c72db3f6a	futures-macro	LICENSE-APACHE@sha256:275c491d6d1160553c32fd6127061d7f9606c3ea25abfad6ca3f6ed088785427;LICENSE-MIT@sha256:6652c868f35dfe5e8ef636810a4e576b9d663f3a17fb0f5613ad73583e1b88fd
futures-sink	0.3.32	registry+https://github.com/rust-lang/crates.io-index	c39754e157331b013978ec91992bde1ac089843443c49cbc7f46150b0fad0893	MIT OR Apache-2.0	MIT OR Apache-2.0	https://github.com/rust-lang/futures-rs	d9bba94c239daa1175a5bb2958f37a5c72db3f6a	futures-sink	LICENSE-APACHE@sha256:275c491d6d1160553c32fd6127061d7f9606c3ea25abfad6ca3f6ed088785427;LICENSE-MIT@sha256:6652c868f35dfe5e8ef636810a4e576b9d663f3a17fb0f5613ad73583e1b88fd
futures-task	0.3.32	registry+https://github.com/rust-lang/crates.io-index	037711b3d59c33004d3856fbdc83b99d4ff37a24768fa1be9ce3538a1cde4393	MIT OR Apache-2.0	MIT OR Apache-2.0	https://github.com/rust-lang/futures-rs	d9bba94c239daa1175a5bb2958f37a5c72db3f6a	futures-task	LICENSE-APACHE@sha256:275c491d6d1160553c32fd6127061d7f9606c3ea25abfad6ca3f6ed088785427;LICENSE-MIT@sha256:6652c868f35dfe5e8ef636810a4e576b9d663f3a17fb0f5613ad73583e1b88fd
futures-util	0.3.32	registry+https://github.com/rust-lang/crates.io-index	389ca41296e6190b48053de0321d02a77f32f8a5d2461dd38762c0593805c6d6	MIT OR Apache-2.0	MIT OR Apache-2.0	https://github.com/rust-lang/futures-rs	d9bba94c239daa1175a5bb2958f37a5c72db3f6a	futures-util	LICENSE-APACHE@sha256:275c491d6d1160553c32fd6127061d7f9606c3ea25abfad6ca3f6ed088785427;LICENSE-MIT@sha256:6652c868f35dfe5e8ef636810a4e576b9d663f3a17fb0f5613ad73583e1b88fd
generic-array	0.14.7	registry+https://github.com/rust-lang/crates.io-index	85649ca51fd72272d7821adaf274ad91c288277713d9c18820d8499a7ff69e9a	MIT	MIT	https://github.com/fizyk20/generic-array.git	1397d2bb40c406901b7827161b73b34b056cbe3a		LICENSE@sha256:c09aae9d3c77b531f56351a9947bc7446511d6b025b3255312d3e3442a9a7583
gethostname	1.1.0	registry+https://github.com/rust-lang/crates.io-index	1bd49230192a3797a9a4d6abe9b3eed6f7fa4c8a8a4947977c6f80025f92cbd8	Apache-2.0	Apache-2.0	https://codeberg.org/swsnr/gethostname.rs.git	7cffc339711704f29f72d51ebc483b3f28f10099		LICENSE@sha256:a60eea817514531668d7e00765731449fe14d059d3249e0bc93b36de45f759f2
getrandom	0.2.17	registry+https://github.com/rust-lang/crates.io-index	ff2abc00be7fca6ebc474524697ae276ad847ad0a6b3faa4bcb027e9a4614ad0	MIT OR Apache-2.0	MIT OR Apache-2.0	https://github.com/rust-random/getrandom	b625985d852600a3eeb68556811e59e7c9a6a098		LICENSE-APACHE@sha256:aaff376532ea30a0cd5330b9502ad4a4c8bf769c539c87ffe78819d188a18ebf;LICENSE-MIT@sha256:42fa16951ce7f24b5a467a40e5b449a1d41e662f97ca779864f053f39e097737
getrandom	0.3.4	registry+https://github.com/rust-lang/crates.io-index	899def5c37c4fd7b2664648c28120ecec138e4d395b459e5ca34f9cce2dd77fd	MIT OR Apache-2.0	MIT OR Apache-2.0	https://github.com/rust-random/getrandom	38e4ad38309a85b56eef4fc759535ccfc322ba9a		LICENSE-APACHE@sha256:aaff376532ea30a0cd5330b9502ad4a4c8bf769c539c87ffe78819d188a18ebf;LICENSE-MIT@sha256:29e9fe5074bd27e0e5d5d110394fbbcd841baee2651a3c4b4560a632702cede4
getrandom	0.4.2	registry+https://github.com/rust-lang/crates.io-index	0de51e6874e94e7bf76d726fc5d13ba782deca734ff60d5bb2fb2607c7406555	MIT OR Apache-2.0	MIT OR Apache-2.0	https://github.com/rust-random/getrandom	4d826731b20a09e69cca91c66aea57ab3cf00072		LICENSE-APACHE@sha256:aaff376532ea30a0cd5330b9502ad4a4c8bf769c539c87ffe78819d188a18ebf;LICENSE-MIT@sha256:523a42c25d245dde9c015f882cec7f4555aad883382a6cf19b4b7d9b2cd5419b
globset	0.4.19	registry+https://github.com/rust-lang/crates.io-index	e47d37d2ae4464254884b60ab7071be2b876a9c35b696bd018ddcc76847309cd	Unlicense OR MIT	Unlicense OR MIT	https://github.com/BurntSushi/ripgrep/tree/master/crates/globset	28c687d630f1491ccdea078a9be56b4cdc124519	crates/globset	COPYING@sha256:01c266bced4a434da0051174d6bee16a4c82cf634e2679b6155d40d75012390f;LICENSE-MIT@sha256:0f96a83840e146e43c0ec96a22ec1f392e0680e6c1226e6f3ba87e0740af850f
hash32	0.2.1	registry+https://github.com/rust-lang/crates.io-index	b0c35f58762feb77d74ebe43bdbc3210f09be9fe6742234d573bacc26ed92b67	MIT OR Apache-2.0	MIT OR Apache-2.0	https://github.com/japaric/hash32	ab34638d0b05b984092fc41c1c1df30084ef905b		LICENSE-APACHE@sha256:a60eea817514531668d7e00765731449fe14d059d3249e0bc93b36de45f759f2;LICENSE-MIT@sha256:c986bcdb83103d4ddf58aeb7b5302359782e54dc4eea14a0cc27c62dcbd50729
hashbrown	0.15.5	registry+https://github.com/rust-lang/crates.io-index	9229cfe53dfd69f0609a49f65461bd93001ea1ef889cd5529dd176593f5338a1	MIT OR Apache-2.0	MIT OR Apache-2.0	https://github.com/rust-lang/hashbrown	b751eef8e99ccf3652046ef4a9e1ec47c1bfb78d		LICENSE-APACHE@sha256:a60eea817514531668d7e00765731449fe14d059d3249e0bc93b36de45f759f2;LICENSE-MIT@sha256:ff8f68cb076caf8cefe7a6430d4ac086ce6af2ca8ce2c4e5a2004d4552ef52a2
hashbrown	0.16.1	registry+https://github.com/rust-lang/crates.io-index	841d1cc9bed7f9236f321df977030373f4a4163ae1a7dbfe1a51a2c1a51d9100	MIT OR Apache-2.0	MIT OR Apache-2.0	https://github.com/rust-lang/hashbrown	1876e4f02708b93903d55ef598f68e82a826518f		LICENSE-APACHE@sha256:a60eea817514531668d7e00765731449fe14d059d3249e0bc93b36de45f759f2;LICENSE-MIT@sha256:ff8f68cb076caf8cefe7a6430d4ac086ce6af2ca8ce2c4e5a2004d4552ef52a2
hashbrown	0.17.1	registry+https://github.com/rust-lang/crates.io-index	ed5909b6e89a2db4456e54cd5f673791d7eca6732202bbf2a9cc504fe2f9b84a	MIT OR Apache-2.0	MIT OR Apache-2.0	https://github.com/rust-lang/hashbrown	c62a63a61b7caf2de8f9ecb7b06a66b0ab6bdf3d		LICENSE-APACHE@sha256:a60eea817514531668d7e00765731449fe14d059d3249e0bc93b36de45f759f2;LICENSE-MIT@sha256:ff8f68cb076caf8cefe7a6430d4ac086ce6af2ca8ce2c4e5a2004d4552ef52a2
heapless	0.7.17	registry+https://github.com/rust-lang/crates.io-index	cdc6457c0eb62c71aac4bc17216026d8410337c4126773b9c5daba343f17964f	MIT OR Apache-2.0	MIT OR Apache-2.0	https://github.com/japaric/heapless	0eea6da5bc159823d0564fcd6974eab299073dcf		LICENSE-APACHE@sha256:a60eea817514531668d7e00765731449fe14d059d3249e0bc93b36de45f759f2;LICENSE-MIT@sha256:035e70219855119df4273b3c5b97543ae82e0dd60c520416e759107c602f651b
heck	0.5.0	registry+https://github.com/rust-lang/crates.io-index	2304e00983f87ffb38b55b444b5e3b60a884b5d30c0fca7d82fe33449bbe55ea	MIT OR Apache-2.0	MIT OR Apache-2.0	https://github.com/withoutboats/heck	070693322aee7c5c7fbee7c9964bf8d7d3a29c96		LICENSE-APACHE@sha256:a60eea817514531668d7e00765731449fe14d059d3249e0bc93b36de45f759f2;LICENSE-MIT@sha256:7b63ecd5f1902af1b63729947373683c32745c16a10e8e6292e2e2dcd7e90ae0
hex	0.4.3	registry+https://github.com/rust-lang/crates.io-index	7f24254aa9a54b5c858eaee2f5bccdb46aaf0e486a595ed5fd8f86ba55232a70	MIT OR Apache-2.0	MIT OR Apache-2.0	https://github.com/KokaKiwi/rust-hex	b2b4370b5bf021b98ee7adc92233e8de3f2de792		LICENSE-APACHE@sha256:c6596eb7be8581c18be736c846fb9173b69eccf6ef94c5135893ec56bd92ba08;LICENSE-MIT@sha256:f7bdb3426d045cd50efd4953026e3eb5a83d0199f458a075602611b9344da5b9
http	1.4.0	registry+https://github.com/rust-lang/crates.io-index	e3ba2a386d7f85a81f119ad7498ebe444d2e22c2af0b86b069416ace48b3311a	MIT OR Apache-2.0	MIT OR Apache-2.0	https://github.com/hyperium/http	b9625d83b524f7a8306883484f29a746eefc1bab		LICENSE-APACHE@sha256:8bb1b50b0e5c9399ae33bd35fab2769010fa6c14e8860c729a52295d84896b7a;LICENSE-MIT@sha256:dc91f8200e4b2a1f9261035d4c18c33c246911a6c0f7b543d75347e61b249cff
httparse	1.10.1	registry+https://github.com/rust-lang/crates.io-index	6dbf3de79e51f3d586ab4cb9d5c3e2c14aa28ed23d180cf89b4df0454a69cc87	MIT OR Apache-2.0	MIT OR Apache-2.0	https://github.com/seanmonstar/httparse	9f29e79f9832dbd0ae5220acb17c1866745bdecd		LICENSE-APACHE@sha256:a60eea817514531668d7e00765731449fe14d059d3249e0bc93b36de45f759f2;LICENSE-MIT@sha256:391a5396cec6230bfabd4ef4eb2350eb895bc5efce377a2218f5702ed020d3e3
iana-time-zone	0.1.65	registry+https://github.com/rust-lang/crates.io-index	e31bc9ad994ba00e440a8aa5c9ef0ec67d5cb5e5cb0cc7f8b744a35b389cc470	MIT OR Apache-2.0	MIT OR Apache-2.0	https://github.com/strawlab/iana-time-zone	3726968181ae67d95c8de2f750a95b9c703ae4c8		LICENSE-APACHE@sha256:696759d65dfe558ff7d9f031c76db19ec5c0767470fb67c4e8d990820d1e99c9;LICENSE-MIT@sha256:da28ccc6b158fc2d8cccc74e99794b1cff1d29bd7bbeb019442fcf0c04c6cad9
icu_collections	2.2.0	registry+https://github.com/rust-lang/crates.io-index	2984d1cd16c883d7935b9e07e44071dca8d917fd52ecc02c04d5fa0b5a3f191c	Unicode-3.0	Unicode-3.0	https://github.com/unicode-org/icu4x	c9fac4e625ccb2c6a7aa35079fff9709db4385ac	components/collections	LICENSE@sha256:f367c1b8e1aa262435251e442901da4607b4650e0e63a026f5044473ecfb90f2
icu_locale_core	2.2.0	registry+https://github.com/rust-lang/crates.io-index	92219b62b3e2b4d88ac5119f8904c10f8f61bf7e95b640d25ba3075e6cac2c29	Unicode-3.0	Unicode-3.0	https://github.com/unicode-org/icu4x	c9fac4e625ccb2c6a7aa35079fff9709db4385ac	components/locale_core	LICENSE@sha256:f367c1b8e1aa262435251e442901da4607b4650e0e63a026f5044473ecfb90f2
icu_normalizer	2.2.0	registry+https://github.com/rust-lang/crates.io-index	c56e5ee99d6e3d33bd91c5d85458b6005a22140021cc324cea84dd0e72cff3b4	Unicode-3.0	Unicode-3.0	https://github.com/unicode-org/icu4x	c9fac4e625ccb2c6a7aa35079fff9709db4385ac	components/normalizer	LICENSE@sha256:f367c1b8e1aa262435251e442901da4607b4650e0e63a026f5044473ecfb90f2
icu_normalizer_data	2.2.0	registry+https://github.com/rust-lang/crates.io-index	da3be0ae77ea334f4da67c12f149704f19f81d1adf7c51cf482943e84a2bad38	Unicode-3.0	Unicode-3.0	https://github.com/unicode-org/icu4x	c9fac4e625ccb2c6a7aa35079fff9709db4385ac	provider/data/normalizer	LICENSE@sha256:f367c1b8e1aa262435251e442901da4607b4650e0e63a026f5044473ecfb90f2
icu_properties	2.2.0	registry+https://github.com/rust-lang/crates.io-index	bee3b67d0ea5c2cca5003417989af8996f8604e34fb9ddf96208a033901e70de	Unicode-3.0	Unicode-3.0	https://github.com/unicode-org/icu4x	c9fac4e625ccb2c6a7aa35079fff9709db4385ac	components/properties	LICENSE@sha256:f367c1b8e1aa262435251e442901da4607b4650e0e63a026f5044473ecfb90f2
icu_properties_data	2.2.0	registry+https://github.com/rust-lang/crates.io-index	8e2bbb201e0c04f7b4b3e14382af113e17ba4f63e2c9d2ee626b720cbce54a14	Unicode-3.0	Unicode-3.0	https://github.com/unicode-org/icu4x	c9fac4e625ccb2c6a7aa35079fff9709db4385ac	provider/data/properties	LICENSE@sha256:f367c1b8e1aa262435251e442901da4607b4650e0e63a026f5044473ecfb90f2
icu_provider	2.2.0	registry+https://github.com/rust-lang/crates.io-index	139c4cf31c8b5f33d7e199446eff9c1e02decfc2f0eec2c8d71f65befa45b421	Unicode-3.0	Unicode-3.0	https://github.com/unicode-org/icu4x	c9fac4e625ccb2c6a7aa35079fff9709db4385ac	provider/core	LICENSE@sha256:f367c1b8e1aa262435251e442901da4607b4650e0e63a026f5044473ecfb90f2
idna	1.1.0	registry+https://github.com/rust-lang/crates.io-index	3b0875f23caa03898994f6ddc501886a45c7d3d62d04d2d90788d47be1b1e4de	MIT OR Apache-2.0	MIT OR Apache-2.0	https://github.com/servo/rust-url/	91377f48bf35011d042aa5abef9e7f2a0a625aaa	idna	LICENSE-APACHE@sha256:a60eea817514531668d7e00765731449fe14d059d3249e0bc93b36de45f759f2;LICENSE-MIT@sha256:b38f11f6096706e6de553dabe2a7ed142d59b6fa8c97e290c67496154745cdd5
idna_adapter	1.2.2	registry+https://github.com/rust-lang/crates.io-index	cb68373c0d6620ef8105e855e7745e18b0d00d3bdb07fb532e434244cdb9a714	Apache-2.0 OR MIT	Apache-2.0 OR MIT	https://github.com/hsivonen/idna_adapter	1d9782f32c9e29218542b4a9411a82b35ec5c8cb		LICENSE-APACHE@sha256:a60eea817514531668d7e00765731449fe14d059d3249e0bc93b36de45f759f2;LICENSE-MIT@sha256:8b43ce8accd61e9d370b5ca9e9c4f953279b5c239926c62315b40e24df51b726
image	0.25.10	registry+https://github.com/rust-lang/crates.io-index	85ab80394333c02fe689eaf900ab500fbd0c2213da414687ebf995a65d5a6104	MIT OR Apache-2.0	MIT OR Apache-2.0	https://github.com/image-rs/image	76e57184f22772dad1138e96954e57945406b15e		LICENSE-APACHE@sha256:0d542e0c8804e39aa7f37eb00da5a762149dc682d7829451287e11b938e94594;LICENSE-MIT@sha256:c77a4cf9da729987d0fe7ccd811e3bd27393914ddf3d23467c18cc22954513b3
indexmap	2.14.0	registry+https://github.com/rust-lang/crates.io-index	d466e9454f08e4a911e14806c24e16fba1b4c121d1ea474396f396069cf949d9	Apache-2.0 OR MIT	Apache-2.0 OR MIT	https://github.com/indexmap-rs/indexmap	bcd165baeb12bdf6e57a31d9869e9839e25679c6		LICENSE-APACHE@sha256:a60eea817514531668d7e00765731449fe14d059d3249e0bc93b36de45f759f2;LICENSE-MIT@sha256:ecc269ef87fd38a1d98e30bfac9ba964a9dbd9315c3770fed98d4d7cb5882055
ipnet	2.12.0	registry+https://github.com/rust-lang/crates.io-index	d98f6fed1fde3f8c21bc40a1abb88dd75e67924f9cffc3ef95607bad8017f8e2	MIT OR Apache-2.0	MIT OR Apache-2.0	https://github.com/krisprice/ipnet	65c04c35566890a1c8381fa524d0ab42e7d32364		LICENSE-APACHE@sha256:87d9feb9238c6bd8e0024fc4733b06cff036f89f36d93b7df1c8a0549bbb7a5b;LICENSE-MIT@sha256:47dc9ff29128ddfb4d6a0435383c9f89120bc374dbcc1dd00b933a0b28aa7865
itoa	1.0.18	registry+https://github.com/rust-lang/crates.io-index	8f42a60cbdf9a97f5d2305f08a87dc4e09308d1276d28c869c684d7777685682	MIT OR Apache-2.0	MIT OR Apache-2.0	https://github.com/dtolnay/itoa	af77385d0daf4d0e949e81f2588be2e44f69f086		LICENSE-APACHE@sha256:62c7a1e35f56406896d7aa7ca52d0cc0d272ac022b5d2796e7d6905db8a3636a;LICENSE-MIT@sha256:23f18e03dc49df91622fe2a76176497404e46ced8a715d9d2b67a7446571cca3
jobserver	0.1.35	registry+https://github.com/rust-lang/crates.io-index	1c00acbd29eabad4a2392fa0e921c874934dbbf4194312ad20f04a0ed67a3cb3	MIT OR Apache-2.0	MIT OR Apache-2.0	https://github.com/rust-lang/jobserver-rs	85ba04e3cf89e5c10e7b82de69f6be6dff9d3ec3		LICENSE-APACHE@sha256:a60eea817514531668d7e00765731449fe14d059d3249e0bc93b36de45f759f2;LICENSE-MIT@sha256:378f5840b258e2779c39418f3f2d7b2ba96f1c7917dd6be0713f88305dbda397
jsonschema	0.46.10	registry+https://github.com/rust-lang/crates.io-index	f0a699d3e77675e6aa4bfffe3b907c8b5f7ed3241f9965bffb25475ad4b08d05	MIT	MIT	https://github.com/Stranger6667/jsonschema	ecaeceac2340908a8fbf71404442296bd1536520	crates/jsonschema	LICENSE@sha256:117829c3ca21efb132d81a44b55363d395ab8eea18526873bc828da4c0e5f038
jsonschema-regex	0.46.10	registry+https://github.com/rust-lang/crates.io-index	6dbd1086b01b9349fd4ef9a07433965af64c8ce8159abe633a189e4ff817bd13	MIT	MIT	https://github.com/Stranger6667/jsonschema	ecaeceac2340908a8fbf71404442296bd1536520	crates/jsonschema-regex	fallback:LICENSES/upstream/cargo-fallbacks/jsonschema-LICENSE@sha256:117829c3ca21efb132d81a44b55363d395ab8eea18526873bc828da4c0e5f038
lazy_static	1.5.0	registry+https://github.com/rust-lang/crates.io-index	bbd2bcb4c963f2ddae06a2efc7e9f3591312473c50c6685e1f298068316e66fe	MIT OR Apache-2.0	MIT OR Apache-2.0	https://github.com/rust-lang-nursery/lazy-static.rs	be7c1c43f264699f956b70ce8e29941bd1e61bde		LICENSE-APACHE@sha256:a60eea817514531668d7e00765731449fe14d059d3249e0bc93b36de45f759f2;LICENSE-MIT@sha256:0621878e61f0d0fda054bcbe02df75192c28bde1ecc8289cbd86aeba2dd72720
libc	0.2.186	registry+https://github.com/rust-lang/crates.io-index	68ab91017fe16c622486840e4c83c9a37afeff978bd239b5293d61ece587de66	MIT OR Apache-2.0	MIT OR Apache-2.0	https://github.com/rust-lang/libc	42620ffc4109dc32e02f1cae9e63a3f4311b4b71		LICENSE-APACHE@sha256:62c7a1e35f56406896d7aa7ca52d0cc0d272ac022b5d2796e7d6905db8a3636a;LICENSE-MIT@sha256:123a331b5dbf04c30097fa43b8f858bc85df671fe776de498d01f3d6b7c1f69e
linux-raw-sys	0.12.1	registry+https://github.com/rust-lang/crates.io-index	32a66949e030da00e8c7d4434b251670a91556f4144941d37452769c25d58a53	Apache-2.0 WITH LLVM-exception OR Apache-2.0 OR MIT	Apache-2.0 WITH LLVM-exception OR Apache-2.0 OR MIT	https://github.com/sunfishcode/linux-raw-sys	0e2918cf3e366d9c923d4ca05f169b49d826db56		COPYRIGHT@sha256:3290ae0fbc9ddb77d2239121d710f0bb9d31b3b4744e6d97fe01e652b4c1870b;LICENSE-APACHE@sha256:a60eea817514531668d7e00765731449fe14d059d3249e0bc93b36de45f759f2;LICENSE-Apache-2.0_WITH_LLVM-exception@sha256:268872b9816f90fd8e85db5a28d33f8150ebb8dd016653fb39ef1f94f2686bc5;LICENSE-MIT@sha256:23f18e03dc49df91622fe2a76176497404e46ced8a715d9d2b67a7446571cca3
litemap	0.8.2	registry+https://github.com/rust-lang/crates.io-index	92daf443525c4cce67b150400bc2316076100ce0b3686209eb8cf3c31612e6f0	Unicode-3.0	Unicode-3.0	https://github.com/unicode-org/icu4x	c9fac4e625ccb2c6a7aa35079fff9709db4385ac	utils/litemap	LICENSE@sha256:f367c1b8e1aa262435251e442901da4607b4650e0e63a026f5044473ecfb90f2
lock_api	0.4.14	registry+https://github.com/rust-lang/crates.io-index	224399e74b87b5f3557511d98dff8b14089b3dadafcab6bb93eab67d3aace965	MIT OR Apache-2.0	MIT OR Apache-2.0	https://github.com/Amanieu/parking_lot	d7828fff7b5d6327ae608e82db45f888b344449a	lock_api	LICENSE-APACHE@sha256:a60eea817514531668d7e00765731449fe14d059d3249e0bc93b36de45f759f2;LICENSE-MIT@sha256:c9a75f18b9ab2927829a208fc6aa2cf4e63b8420887ba29cdb265d6619ae82d5
log	0.4.29	registry+https://github.com/rust-lang/crates.io-index	5e5032e24019045c762d3c0f28f5b6b8bbf38563a65908389bf7978758920897	MIT OR Apache-2.0	MIT OR Apache-2.0	https://github.com/rust-lang/log	b1e2df7bce7a1b685aa9bfd1db0a5cac1f0fc27d		LICENSE-APACHE@sha256:a60eea817514531668d7e00765731449fe14d059d3249e0bc93b36de45f759f2;LICENSE-MIT@sha256:6485b8ed310d3f0340bf1ad1f47645069ce4069dcc6bb46c7d5c6faf41de1fdb
lru	0.18.1	registry+https://github.com/rust-lang/crates.io-index	0b6180140927ee907000b0aa540091f6ea512ead4447c92b8fc35bc72788a5a6	MIT	MIT	https://github.com/jeromefroe/lru-rs.git	c6620d1165dd7181a359c00a0cc55af9ec413dfd		LICENSE@sha256:061dc50af2cd9340703daf61978af3200cf681b12ea67a323c33ba109a23a45e
matchers	0.2.0	registry+https://github.com/rust-lang/crates.io-index	d1525a2a28c7f4fa0fc98bb91ae755d1e2d1505079e05539e35bc876b5d65ae9	MIT	MIT	https://github.com/hawkw/matchers	a73b203f95b61113a2012ecada9ee287c1d8abee		LICENSE@sha256:a47129d738752a6ae52247fea645b42cb320d19e9327f1eb2d1a7f99d9455ad3
memchr	2.8.0	registry+https://github.com/rust-lang/crates.io-index	f8ca58f447f06ed17d5fc4043ce1b10dd205e060fb3ce5b979b8ed8e59ff3f79	Unlicense OR MIT	Unlicense OR MIT	https://github.com/BurntSushi/memchr	886ca4ca4820297191c6e9f7b023dc356f31a4d1		COPYING@sha256:01c266bced4a434da0051174d6bee16a4c82cf634e2679b6155d40d75012390f;LICENSE-MIT@sha256:0f96a83840e146e43c0ec96a22ec1f392e0680e6c1226e6f3ba87e0740af850f
memoffset	0.6.5	registry+https://github.com/rust-lang/crates.io-index	5aa361d4faea93603064a027415f07bd8e1d5c88c9fbf68bf56a285428fd79ce	MIT	MIT	https://github.com/Gilnaa/memoffset	01e2e42ef0d833682c27b0f40a2cc748d86b2dc3		LICENSE@sha256:3234ac55816264ee7b6c7ee27efd61cf0a1fe775806870e3d9b4c41ea73c5cb1
meval	0.2.0	registry+https://github.com/rust-lang/crates.io-index	f79496a5651c8d57cd033c5add8ca7ee4e3d5f7587a4777484640d9cb60392d9	Unlicense/MIT	Unlicense OR MIT	https://github.com/rekka/meval-rs			LICENSE-MIT@sha256:12fcca736f874c8fb8f91a567ce6ae1b72c7b3bf48f42657035ed1d1dfa566d7
micromap	0.3.0	registry+https://github.com/rust-lang/crates.io-index	c2a86d3146ed3995b5913c414f6664344b9617457320782e64f0bb44afd49d74	MIT	MIT	https://github.com/yegor256/micromap	72d6d2b26678b6e41d2bc94d215e619b94a4fa75		LICENSE.txt@sha256:9387c2d197e2370a740ca457dae1662c56de56b811ee4862024343961307f9bf
miniz_oxide	0.8.9	registry+https://github.com/rust-lang/crates.io-index	1fa76a2c86f704bdb222d66965fb3d63269ce38518b83cb0575fca855ebb6316	MIT OR Zlib OR Apache-2.0	MIT OR Zlib OR Apache-2.0	https://github.com/Frommi/miniz_oxide/tree/master/miniz_oxide	44e43c7786e379b2b1a7fde4aa0e63be719e583d	miniz_oxide	LICENSE@sha256:4108245a1f2df9d4e94df8abed5b4ba0759bb2f9b40a6b939f1be141077ae50b;LICENSE-APACHE.md@sha256:0d542e0c8804e39aa7f37eb00da5a762149dc682d7829451287e11b938e94594;LICENSE-MIT.md@sha256:799e9ca9d179295ef372f25d3769cdda7d25bb2668add6a6a1e22d1e4c678b8d;LICENSE-ZLIB.md@sha256:0a54e647fe54104658b5e563c04c6f9edf251710e47bce692e0bd990a4ddaa39
mio	1.2.0	registry+https://github.com/rust-lang/crates.io-index	50b7e5b27aa02a74bac8c3f23f448f8d87ff11f92d3aac1a6ed369ee08cc56c1	MIT	MIT	https://github.com/tokio-rs/mio	ce39a6be2cc739165daaeb10cce609b9b77242ac		LICENSE@sha256:07919255c7e04793d8ea760d6c2ce32d19f9ff02bdbdde3ce90b1e1880929a9b
moxcms	0.8.1	registry+https://github.com/rust-lang/crates.io-index	bb85c154ba489f01b25c0d36ae69a87e4a1c73a72631fc6c0eb6dde34a73e44b	BSD-3-Clause OR Apache-2.0	BSD-3-Clause OR Apache-2.0	https://github.com/awxkee/moxcms.git	c4affa196727d17f21a7f6f148a558867decb470		LICENSE-APACHE.md@sha256:90bf2d659c43045111b65c733ab2a6d4cbcb422a098368c8c58a9ba3db4ed0c5;LICENSE.md@sha256:2aa92cada6431e75615e3fe6cb1a9082c98f777d48ae1c087c0da0e37f7b8bff
msvc_spectre_libs	0.1.3	registry+https://github.com/rust-lang/crates.io-index	29e871a9861f3664f18b7e04e9301d4edd55090c2dadb4b1c602e26ab32b1f5b	MIT OR Apache-2.0	MIT OR Apache-2.0	https://github.com/microsoft/rust_msvc_spectre_libs	ba10bb6445cd033defab3c573d554de3a8fe10fd		LICENSE@sha256:c2cfccb812fe482101a8f04597dfc5a9991a6b2748266c47ac91b6a5aae15383
nix	0.23.2	registry+https://github.com/rust-lang/crates.io-index	8f3790c00a0150112de0f4cd161e3d7fc4b2d8a5542ffc35f099a2562aecb35c	MIT	MIT	https://github.com/nix-rust/nix	3e9cfda3a66a1fafec94867b16f6cab3a06225fa		LICENSE@sha256:66e3ee1fa7f909ad3c612d556f2a0cdabcd809ad6e66f3b0605015ac64841b70
nom	1.2.4	registry+https://github.com/rust-lang/crates.io-index	a5b8c256fd9471521bcb84c3cdba98921497f1a331cbc15b8030fc63b82050ce	MIT	MIT	https://github.com/Geal/nom			LICENSE@sha256:de730187d5563a81342a3c011d968f78dff37c934fac9b3701e8c762b6118a55
nom	8.0.0	registry+https://github.com/rust-lang/crates.io-index	df9761775871bdef83bee530e60050f7e54b1105350d6884eb0fb4f46c2f9405	MIT	MIT	https://github.com/rust-bakery/nom	2cec1b3e4c9ccac62c902d60c00de6d1549ccbe1		LICENSE@sha256:4dbda04344456f09a7a588140455413a9ac59b6b26a1ef7cdf9c800c012d87f0
nu-ansi-term	0.50.3	registry+https://github.com/rust-lang/crates.io-index	7957b9740744892f114936ab4a57b3f487491bbeafaf8083688b16841a4240e5	MIT	MIT	https://github.com/nushell/nu-ansi-term	a23b71dae8efc17ca89d6bfe86134e15c3b157f5		LICENSE@sha256:284465860407420254e39be4e1bdcaaf2e7f2d18e06f9bab75bc75341a5d8501
num	0.4.3	registry+https://github.com/rust-lang/crates.io-index	35bd024e8b2ff75562e5f34e7f4905839deb4b22955ef5e73d2fea1b9813cb23	MIT OR Apache-2.0	MIT OR Apache-2.0	https://github.com/rust-num/num	1fec8524c4eaa27cbdf4bb3eb46782d2ff40b2ed		LICENSE-APACHE@sha256:a60eea817514531668d7e00765731449fe14d059d3249e0bc93b36de45f759f2;LICENSE-MIT@sha256:6485b8ed310d3f0340bf1ad1f47645069ce4069dcc6bb46c7d5c6faf41de1fdb
num-bigint	0.4.8	registry+https://github.com/rust-lang/crates.io-index	c89e69e7e0f03bea5ef08013795c25018e101932225a656383bd384495ecc367	MIT OR Apache-2.0	MIT OR Apache-2.0	https://github.com/rust-num/num-bigint	65330056d6c00def4c6cda78c87453f4c2a76913		LICENSE-APACHE@sha256:a60eea817514531668d7e00765731449fe14d059d3249e0bc93b36de45f759f2;LICENSE-MIT@sha256:6485b8ed310d3f0340bf1ad1f47645069ce4069dcc6bb46c7d5c6faf41de1fdb
num-cmp	0.1.0	registry+https://github.com/rust-lang/crates.io-index	63335b2e2c34fae2fb0aa2cecfd9f0832a1e24b3b32ecec612c3426d46dc8aaa	MIT/Apache-2.0	MIT OR Apache-2.0	https://github.com/lifthrasiir/num-cmp			LICENSE.txt@sha256:3bb1e548250b3acc43febde65a5cdba9f2e0a3288018aa41f009a3c59ffab51a
num-complex	0.4.6	registry+https://github.com/rust-lang/crates.io-index	73f88a1307638156682bada9d7604135552957b7818057dcef22705b4d509495	MIT OR Apache-2.0	MIT OR Apache-2.0	https://github.com/rust-num/num-complex	91fdc06356c0c868cb88b5a180859023c57e6e50		LICENSE-APACHE@sha256:a60eea817514531668d7e00765731449fe14d059d3249e0bc93b36de45f759f2;LICENSE-MIT@sha256:6485b8ed310d3f0340bf1ad1f47645069ce4069dcc6bb46c7d5c6faf41de1fdb
num-integer	0.1.46	registry+https://github.com/rust-lang/crates.io-index	7969661fd2958a5cb096e56c8e1ad0444ac2bbcd0061bd28660485a44879858f	MIT OR Apache-2.0	MIT OR Apache-2.0	https://github.com/rust-num/num-integer	ede2d2cb993e55e7b1c992bfd22ecbf16601a652		LICENSE-APACHE@sha256:a60eea817514531668d7e00765731449fe14d059d3249e0bc93b36de45f759f2;LICENSE-MIT@sha256:6485b8ed310d3f0340bf1ad1f47645069ce4069dcc6bb46c7d5c6faf41de1fdb
num-iter	0.1.46	registry+https://github.com/rust-lang/crates.io-index	c92800bd69a1eac91786bcfe9da64a897eb72911b8dc3095decbd07429e8048b	MIT OR Apache-2.0	MIT OR Apache-2.0	https://github.com/rust-num/num-iter	6bfec7678bae3f4a38d1eeeab20532ac0bae7c9c		LICENSE-APACHE@sha256:a60eea817514531668d7e00765731449fe14d059d3249e0bc93b36de45f759f2;LICENSE-MIT@sha256:6485b8ed310d3f0340bf1ad1f47645069ce4069dcc6bb46c7d5c6faf41de1fdb
num-rational	0.4.2	registry+https://github.com/rust-lang/crates.io-index	f83d14da390562dca69fc84082e73e548e1ad308d24accdedd2720017cb37824	MIT OR Apache-2.0	MIT OR Apache-2.0	https://github.com/rust-num/num-rational	4d55ad22ac86ebbc4cb45d79a956e4a1f7af57d1		LICENSE-APACHE@sha256:a60eea817514531668d7e00765731449fe14d059d3249e0bc93b36de45f759f2;LICENSE-MIT@sha256:6485b8ed310d3f0340bf1ad1f47645069ce4069dcc6bb46c7d5c6faf41de1fdb
num-traits	0.2.19	registry+https://github.com/rust-lang/crates.io-index	071dfc062690e90b734c0b2273ce72ad0ffa95f0c74596bc250dcfd960262841	MIT OR Apache-2.0	MIT OR Apache-2.0	https://github.com/rust-num/num-traits	7ec3d41d39b28190ec1d42db38021107b3951f3a		LICENSE-APACHE@sha256:a60eea817514531668d7e00765731449fe14d059d3249e0bc93b36de45f759f2;LICENSE-MIT@sha256:6485b8ed310d3f0340bf1ad1f47645069ce4069dcc6bb46c7d5c6faf41de1fdb
once_cell	1.21.4	registry+https://github.com/rust-lang/crates.io-index	9f7c3e4beb33f85d45ae3e3a1792185706c8e16d043238c593331cc7cd313b50	MIT OR Apache-2.0	MIT OR Apache-2.0	https://github.com/matklad/once_cell	80fe900b21f6d76c1a2ed74d3343e8a3a88c46d0		LICENSE-APACHE@sha256:a60eea817514531668d7e00765731449fe14d059d3249e0bc93b36de45f759f2;LICENSE-MIT@sha256:23f18e03dc49df91622fe2a76176497404e46ced8a715d9d2b67a7446571cca3
option-ext	0.2.0	registry+https://github.com/rust-lang/crates.io-index	04744f49eae99ab78e0d5c0b603ab218f515ea8cfe5a456d7629ad883a3b6e7d	MPL-2.0	MPL-2.0	https://github.com/soc/option-ext.git	272f22fc9ea1ac6b08f01704af52c4ac338df4e2		LICENSE.txt@sha256:66a3107d5ad6a058aab753eaac2047ccb2ed0e39465dd0fe5844da3e300d5172
ordered-stream	0.2.0	registry+https://github.com/rust-lang/crates.io-index	9aa2b01e1d916879f73a53d01d1d6cee68adbb31d6d9177a8cfce093cced1d50	MIT OR Apache-2.0	MIT OR Apache-2.0	https://github.com/danieldg/ordered-stream	5c58ca1a3d680c2406f0c6a1520c3476c27048aa		LICENSE-APACHE@sha256:a60eea817514531668d7e00765731449fe14d059d3249e0bc93b36de45f759f2;LICENSE-MIT@sha256:23f18e03dc49df91622fe2a76176497404e46ced8a715d9d2b67a7446571cca3
os_pipe	1.2.3	registry+https://github.com/rust-lang/crates.io-index	7d8fae84b431384b68627d0f9b3b1245fcf9f46f6c0e3dc902e9dce64edd1967	MIT	MIT	https://github.com/oconnor663/os_pipe.rs	228ee175117faf1bf0cce99942ce579244215da4		LICENSE@sha256:8f71659370c5268d9a1dc962a46232540e8fca63462586d8efaa95aab492a208
outref	0.5.2	registry+https://github.com/rust-lang/crates.io-index	1a80800c0488c3a21695ea981a54918fbb37abf04f4d0720c453632255e2ff0e	MIT	MIT	https://github.com/Nugine/outref	cbbce9e3977ef154023bbda0660027c5e523766a		LICENSE@sha256:a00511478c83ebb464ef19d840f061c7444adc4636bb561900e75c5808cfc6cc
parking	2.2.1	registry+https://github.com/rust-lang/crates.io-index	f38d5652c16fde515bb1ecef450ab0f6a219d619a7274976324d5e377f7dceba	Apache-2.0 OR MIT	Apache-2.0 OR MIT	https://github.com/smol-rs/parking	0ece32dbfd6cd1bc1510ede6ed56acb772edf83f		LICENSE-APACHE@sha256:a60eea817514531668d7e00765731449fe14d059d3249e0bc93b36de45f759f2;LICENSE-MIT@sha256:23f18e03dc49df91622fe2a76176497404e46ced8a715d9d2b67a7446571cca3;LICENSE-THIRD-PARTY@sha256:9a6d7a3c1b8edcc706c4b6c37f8dae9a77f02c7f9051df603f975db136b55419
parking_lot	0.12.5	registry+https://github.com/rust-lang/crates.io-index	93857453250e3077bd71ff98b6a65ea6621a19bb0f559a85248955ac12c45a1a	MIT OR Apache-2.0	MIT OR Apache-2.0	https://github.com/Amanieu/parking_lot	d7828fff7b5d6327ae608e82db45f888b344449a		LICENSE-APACHE@sha256:a60eea817514531668d7e00765731449fe14d059d3249e0bc93b36de45f759f2;LICENSE-MIT@sha256:c9a75f18b9ab2927829a208fc6aa2cf4e63b8420887ba29cdb265d6619ae82d5
parking_lot_core	0.9.12	registry+https://github.com/rust-lang/crates.io-index	2621685985a2ebf1c516881c026032ac7deafcda1a2c9b7850dc81e3dfcb64c1	MIT OR Apache-2.0	MIT OR Apache-2.0	https://github.com/Amanieu/parking_lot	d7828fff7b5d6327ae608e82db45f888b344449a	core	LICENSE-APACHE@sha256:a60eea817514531668d7e00765731449fe14d059d3249e0bc93b36de45f759f2;LICENSE-MIT@sha256:c9a75f18b9ab2927829a208fc6aa2cf4e63b8420887ba29cdb265d6619ae82d5
percent-encoding	2.3.2	registry+https://github.com/rust-lang/crates.io-index	9b4f627cb1b25917193a259e49bdad08f671f8d9708acfd5fe0a8c1455d87220	MIT OR Apache-2.0	MIT OR Apache-2.0	https://github.com/servo/rust-url/	91377f48bf35011d042aa5abef9e7f2a0a625aaa	percent_encoding	LICENSE-APACHE@sha256:a60eea817514531668d7e00765731449fe14d059d3249e0bc93b36de45f759f2;LICENSE-MIT@sha256:b38f11f6096706e6de553dabe2a7ed142d59b6fa8c97e290c67496154745cdd5
petgraph	0.8.3	registry+https://github.com/rust-lang/crates.io-index	8701b58ea97060d5e5b155d383a69952a60943f0e6dfe30b04c287beb0b27455	MIT OR Apache-2.0	MIT OR Apache-2.0	https://github.com/petgraph/petgraph	162903562ce5b00cdba390a0d9c1bb80f1c75bf5		LICENSE-APACHE@sha256:a60eea817514531668d7e00765731449fe14d059d3249e0bc93b36de45f759f2;LICENSE-MIT@sha256:7576269ea71f767b99297934c0b2367532690f8c4badc695edf8e04ab6a1e545;assets/images/LICENSE.md@sha256:608fdcbb7daea2541c57228f21fc97deec310b19dafde70b2f4b84a96bf779f8
phf	0.12.1	registry+https://github.com/rust-lang/crates.io-index	913273894cec178f401a31ec4b656318d95473527be05c0752cc41cdc32be8b7	MIT	MIT	https://github.com/rust-phf/rust-phf	03a930696231da01005e762425841f91587b3e04	phf	LICENSE@sha256:0ab4d106b6faac07fb6a051815fd1b4d862d730895e2d7d7358c2f13565e7a38
phf_shared	0.12.1	registry+https://github.com/rust-lang/crates.io-index	06005508882fb681fd97892ecff4b7fd0fee13ef1aa569f8695dae7ab9099981	MIT	MIT	https://github.com/rust-phf/rust-phf	03a930696231da01005e762425841f91587b3e04	phf_shared	LICENSE@sha256:0ab4d106b6faac07fb6a051815fd1b4d862d730895e2d7d7358c2f13565e7a38
pin-project-lite	0.2.17	registry+https://github.com/rust-lang/crates.io-index	a89322df9ebe1c1578d689c92318e070967d1042b512afbe49518723f4e6d5cd	Apache-2.0 OR MIT	Apache-2.0 OR MIT	https://github.com/taiki-e/pin-project-lite	3bdf763446aa78f90e3bdac1ef583e014832ab4c		LICENSE-APACHE@sha256:0d542e0c8804e39aa7f37eb00da5a762149dc682d7829451287e11b938e94594;LICENSE-MIT@sha256:23f18e03dc49df91622fe2a76176497404e46ced8a715d9d2b67a7446571cca3
piper	0.2.5	registry+https://github.com/rust-lang/crates.io-index	c835479a4443ded371d6c535cbfd8d31ad92c5d23ae9770a61bc155e4992a3c1	MIT OR Apache-2.0	MIT OR Apache-2.0	https://github.com/smol-rs/piper	85da45edce0b9262f00d79d9a42ce0372fb42a10		LICENSE-APACHE@sha256:a60eea817514531668d7e00765731449fe14d059d3249e0bc93b36de45f759f2;LICENSE-MIT@sha256:23f18e03dc49df91622fe2a76176497404e46ced8a715d9d2b67a7446571cca3
pkg-config	0.3.33	registry+https://github.com/rust-lang/crates.io-index	19f132c84eca552bf34cab8ec81f1c1dcc229b811638f9d283dceabe58c5569e	MIT OR Apache-2.0	MIT OR Apache-2.0	https://github.com/rust-lang/pkg-config-rs	f4ac872e02f9e2c111c55f3ed0eee6284d41d50f		LICENSE-APACHE@sha256:a60eea817514531668d7e00765731449fe14d059d3249e0bc93b36de45f759f2;LICENSE-MIT@sha256:378f5840b258e2779c39418f3f2d7b2ba96f1c7917dd6be0713f88305dbda397
png	0.18.1	registry+https://github.com/rust-lang/crates.io-index	60769b8b31b2a9f263dae2776c37b1b28ae246943cf719eb6946a1db05128a61	MIT OR Apache-2.0	MIT OR Apache-2.0	https://github.com/image-rs/image-png	2a3f980245e3ae38b82ade96533e7b450e8477bb		LICENSE-APACHE@sha256:a60eea817514531668d7e00765731449fe14d059d3249e0bc93b36de45f759f2;LICENSE-MIT@sha256:eaf40297c75da471f7cda1f3458e8d91b4b2ec866e609527a13acfa93b638652
polling	3.11.0	registry+https://github.com/rust-lang/crates.io-index	5d0e4f59085d47d8241c88ead0f274e8a0cb551f3625263c05eb8dd897c34218	Apache-2.0 OR MIT	Apache-2.0 OR MIT	https://github.com/smol-rs/polling	f404d08dd2a61994ac5fe0ed663bc051bd94c053		LICENSE-APACHE@sha256:a60eea817514531668d7e00765731449fe14d059d3249e0bc93b36de45f759f2;LICENSE-MIT@sha256:23f18e03dc49df91622fe2a76176497404e46ced8a715d9d2b67a7446571cca3
postcard	1.1.3	registry+https://github.com/rust-lang/crates.io-index	6764c3b5dd454e283a30e6dfe78e9b31096d9e32036b5d1eaac7a6119ccb9a24	MIT OR Apache-2.0	MIT OR Apache-2.0	https://github.com/jamesmunns/postcard	718aa6a6850456017c19eeff67303c633f875736	source/postcard	LICENSE-APACHE@sha256:a60eea817514531668d7e00765731449fe14d059d3249e0bc93b36de45f759f2;LICENSE-MIT@sha256:177540cad091a40e8071db310bc3b6115c4e329a92a234609b60c154b008a888
potential_utf	0.1.5	registry+https://github.com/rust-lang/crates.io-index	0103b1cef7ec0cf76490e969665504990193874ea05c85ff9bab8b911d0a0564	Unicode-3.0	Unicode-3.0	https://github.com/unicode-org/icu4x	c9fac4e625ccb2c6a7aa35079fff9709db4385ac	utils/potential_utf	LICENSE@sha256:f367c1b8e1aa262435251e442901da4607b4650e0e63a026f5044473ecfb90f2
ppv-lite86	0.2.21	registry+https://github.com/rust-lang/crates.io-index	85eae3c4ed2f50dcfe72643da4befc30deadb458a9b590d720cde2f2b1e97da9	MIT OR Apache-2.0	MIT OR Apache-2.0	https://github.com/cryptocorrosion/cryptocorrosion	000a6cd6bbcb0b091381dc5f8fe6d6efa480b818	utils-simd/ppv-lite86	LICENSE-APACHE@sha256:0218327e7a480793ffdd4eb792379a9709e5c135c7ba267f709d6f6d4d70af0a;LICENSE-MIT@sha256:4cada0bd02ea3692eee6f16400d86c6508bbd3bafb2b65fed0419f36d4f83e8f
proc-macro-crate	3.5.0	registry+https://github.com/rust-lang/crates.io-index	e67ba7e9b2b56446f1d419b1d807906278ffa1a658a8a5d8a39dcb1f5a78614f	MIT OR Apache-2.0	MIT OR Apache-2.0	https://github.com/bkchr/proc-macro-crate	8f3d8b04539f732e09c07907f138a248c8d0eed9		LICENSE-APACHE@sha256:8ada45cd9f843acf64e4722ae262c622a2b3b3007c7310ef36ac1061a30f6adb;LICENSE-MIT@sha256:23f18e03dc49df91622fe2a76176497404e46ced8a715d9d2b67a7446571cca3
proc-macro2	1.0.106	registry+https://github.com/rust-lang/crates.io-index	8fd00f0bb2e90d81d1044c2b32617f68fcb9fa3bb7640c23e9c748e53fb30934	MIT OR Apache-2.0	MIT OR Apache-2.0	https://github.com/dtolnay/proc-macro2	58ab776b95a4c2865554badbb6629c50971a9118		LICENSE-APACHE@sha256:62c7a1e35f56406896d7aa7ca52d0cc0d272ac022b5d2796e7d6905db8a3636a;LICENSE-MIT@sha256:23f18e03dc49df91622fe2a76176497404e46ced8a715d9d2b67a7446571cca3
pxfm	0.1.29	registry+https://github.com/rust-lang/crates.io-index	e0c5ccf5294c6ccd63a74f1565028353830a9c2f5eb0c682c355c471726a6e3f	BSD-3-Clause OR Apache-2.0	BSD-3-Clause OR Apache-2.0	https://github.com/awxkee/pxfm	fbf859ceb1f3f90e1daf5281aa5d60b8e01e009e		LICENSE-APACHE.md@sha256:90bf2d659c43045111b65c733ab2a6d4cbcb422a098368c8c58a9ba3db4ed0c5;LICENSE.md@sha256:2aa92cada6431e75615e3fe6cb1a9082c98f777d48ae1c087c0da0e37f7b8bff
quick-xml	0.39.4	registry+https://github.com/rust-lang/crates.io-index	cdcc8dd4e2f670d309a5f0e83fe36dfdc05af317008fea29144da1a2ac858e5e	MIT	MIT	https://github.com/tafia/quick-xml	f72e8b3718f4e13c949934549bbe4290e65085b1		LICENSE-MIT.md@sha256:5b2c207dcf571267ebe0bbdd5bf321f561ddc22ff597e7b363e96f4539507a29
quote	1.0.45	registry+https://github.com/rust-lang/crates.io-index	41f2619966050689382d2b44f664f4bc593e129785a36d6ee376ddf37259b924	MIT OR Apache-2.0	MIT OR Apache-2.0	https://github.com/dtolnay/quote	842ffde933fdd76cd1681a288bed136d8b95a97a		LICENSE-APACHE@sha256:62c7a1e35f56406896d7aa7ca52d0cc0d272ac022b5d2796e7d6905db8a3636a;LICENSE-MIT@sha256:23f18e03dc49df91622fe2a76176497404e46ced8a715d9d2b67a7446571cca3
radium	0.7.0	registry+https://github.com/rust-lang/crates.io-index	dc33ff2d4973d518d823d61aa239014831e521c75da58e3df4840d3f47749d09	MIT	MIT	https://github.com/bitvecto-rs/radium	3f27e0d827338aee919213fd071b99819a1b9fff		LICENSE.txt@sha256:13f4cc9fbc8d4a447b28aa84019c10ad4abf4b5f6919db061bf6690ccc23bc02
rand	0.10.2	registry+https://github.com/rust-lang/crates.io-index	c7f5fa3a058cd35567ef9bfa5e75732bee0f9e4c55fa90477bef2dfcdbc4be80	MIT OR Apache-2.0	MIT OR Apache-2.0	https://github.com/rust-random/rand	1540ea327e8beaf0694ea64f6d9eb8eaadd47bd5		COPYRIGHT@sha256:90eb64f0279b0d9432accfa6023ff803bc4965212383697eee27a0f426d5f8d5;LICENSE-APACHE@sha256:35242e7a83f69875e6edeff02291e688c97caafe2f8902e4e19b49d3e78b4cab;LICENSE-MIT@sha256:209fbbe0ad52d9235e37badf9cadfe4dbdc87203179c0899e738b39ade42177b
rand	0.8.6	registry+https://github.com/rust-lang/crates.io-index	5ca0ecfa931c29007047d1bc58e623ab12e5590e8c7cc53200d5202b69266d8a	MIT OR Apache-2.0	MIT OR Apache-2.0	https://github.com/rust-random/rand	5309f25bb5e7d21ac01c5b6f476badd06f9cdc3f		COPYRIGHT@sha256:90eb64f0279b0d9432accfa6023ff803bc4965212383697eee27a0f426d5f8d5;LICENSE-APACHE@sha256:35242e7a83f69875e6edeff02291e688c97caafe2f8902e4e19b49d3e78b4cab;LICENSE-MIT@sha256:209fbbe0ad52d9235e37badf9cadfe4dbdc87203179c0899e738b39ade42177b
rand_chacha	0.3.1	registry+https://github.com/rust-lang/crates.io-index	e6c10a63a0fa32252be49d21e7709d4d4baf8d231c2dbce1eaa8141b9b127d88	MIT OR Apache-2.0	MIT OR Apache-2.0	https://github.com/rust-random/rand	98a0339f99ecfe0467b2829c329bd8b7525a1c21		COPYRIGHT@sha256:90eb64f0279b0d9432accfa6023ff803bc4965212383697eee27a0f426d5f8d5;LICENSE-APACHE@sha256:aaff376532ea30a0cd5330b9502ad4a4c8bf769c539c87ffe78819d188a18ebf;LICENSE-MIT@sha256:209fbbe0ad52d9235e37badf9cadfe4dbdc87203179c0899e738b39ade42177b
rand_core	0.10.1	registry+https://github.com/rust-lang/crates.io-index	63b8176103e19a2643978565ca18b50549f6101881c443590420e4dc998a3c69	MIT OR Apache-2.0	MIT OR Apache-2.0	https://github.com/rust-random/rand_core	5cd7df496d0bff1d95534ac8b66a2610f5bf7808		COPYRIGHT@sha256:92b81db30f7ab6d693e0af5661a40d273ca1947e891123ed823924192c10cbc7;LICENSE-APACHE@sha256:6df43f6f4b5d4587f3d8d71e45532c688fd168afa5fe89d571cb32fa09c4ef51;LICENSE-MIT@sha256:8b6e9feec03e7c9a5facb26855cecd31662bf989b636bcfe79521bdf8ac863f0
rand_core	0.6.4	registry+https://github.com/rust-lang/crates.io-index	ec0be4795e2f6a28069bec0b5ff3e2ac9bafc99e6a9a7dc3547996c5c816922c	MIT OR Apache-2.0	MIT OR Apache-2.0	https://github.com/rust-random/rand	89a1336b934c68ddce548127c6f8afd910b35a18	rand_core	COPYRIGHT@sha256:90eb64f0279b0d9432accfa6023ff803bc4965212383697eee27a0f426d5f8d5;LICENSE-APACHE@sha256:6df43f6f4b5d4587f3d8d71e45532c688fd168afa5fe89d571cb32fa09c4ef51;LICENSE-MIT@sha256:209fbbe0ad52d9235e37badf9cadfe4dbdc87203179c0899e738b39ade42177b
ref-cast	1.0.25	registry+https://github.com/rust-lang/crates.io-index	f354300ae66f76f1c85c5f84693f0ce81d747e2c3f21a45fef496d89c960bf7d	MIT OR Apache-2.0	MIT OR Apache-2.0	https://github.com/dtolnay/ref-cast	8cea9d561e44ec4ebaf4de1ba64bedfdf2944138		LICENSE-APACHE@sha256:62c7a1e35f56406896d7aa7ca52d0cc0d272ac022b5d2796e7d6905db8a3636a;LICENSE-MIT@sha256:23f18e03dc49df91622fe2a76176497404e46ced8a715d9d2b67a7446571cca3
ref-cast-impl	1.0.25	registry+https://github.com/rust-lang/crates.io-index	b7186006dcb21920990093f30e3dea63b7d6e977bf1256be20c3563a5db070da	MIT OR Apache-2.0	MIT OR Apache-2.0	https://github.com/dtolnay/ref-cast	8cea9d561e44ec4ebaf4de1ba64bedfdf2944138	derive	LICENSE-APACHE@sha256:62c7a1e35f56406896d7aa7ca52d0cc0d272ac022b5d2796e7d6905db8a3636a;LICENSE-MIT@sha256:23f18e03dc49df91622fe2a76176497404e46ced8a715d9d2b67a7446571cca3
referencing	0.46.10	registry+https://github.com/rust-lang/crates.io-index	0fbf332a2f81899f6836f22c03da73dae8a664c32e3016b84692c23cddadc95d	MIT	MIT	https://github.com/Stranger6667/jsonschema	ecaeceac2340908a8fbf71404442296bd1536520	crates/jsonschema-referencing	LICENSE@sha256:117829c3ca21efb132d81a44b55363d395ab8eea18526873bc828da4c0e5f038
regex	1.12.3	registry+https://github.com/rust-lang/crates.io-index	e10754a14b9137dd7b1e3e5b0493cc9171fdd105e0ab477f51b72e7f3ac0e276	MIT OR Apache-2.0	MIT OR Apache-2.0	https://github.com/rust-lang/regex	b028e4f40eac8959d05e82abf8404906b1c565c0		LICENSE-APACHE@sha256:a60eea817514531668d7e00765731449fe14d059d3249e0bc93b36de45f759f2;LICENSE-MIT@sha256:6485b8ed310d3f0340bf1ad1f47645069ce4069dcc6bb46c7d5c6faf41de1fdb
regex-automata	0.4.14	registry+https://github.com/rust-lang/crates.io-index	6e1dd4122fc1595e8162618945476892eefca7b88c52820e74af6262213cae8f	MIT OR Apache-2.0	MIT OR Apache-2.0	https://github.com/rust-lang/regex	5e195de266e203441b2c8001d6ebefab1161a59e	regex-automata	LICENSE-APACHE@sha256:a60eea817514531668d7e00765731449fe14d059d3249e0bc93b36de45f759f2;LICENSE-MIT@sha256:6485b8ed310d3f0340bf1ad1f47645069ce4069dcc6bb46c7d5c6faf41de1fdb
regex-syntax	0.8.10	registry+https://github.com/rust-lang/crates.io-index	dc897dd8d9e8bd1ed8cdad82b5966c3e0ecae09fb1907d58efaa013543185d0a	MIT OR Apache-2.0	MIT OR Apache-2.0	https://github.com/rust-lang/regex	839d16bc65b60e2006d3599d20bfa6efc14049d8	regex-syntax	LICENSE-APACHE@sha256:a60eea817514531668d7e00765731449fe14d059d3249e0bc93b36de45f759f2;LICENSE-MIT@sha256:6485b8ed310d3f0340bf1ad1f47645069ce4069dcc6bb46c7d5c6faf41de1fdb;src/unicode_tables/LICENSE-UNICODE@sha256:74db5baf44a41b1000312c673544b3374e4198af5605c7f9080a402cec42cfa3
regorus	0.10.1	registry+https://github.com/rust-lang/crates.io-index	419a0413adeece71e4d4a64fb75adc359cb807496f0dfd10f429517be908b807	MIT AND Apache-2.0 AND BSD-3-Clause	MIT AND Apache-2.0 AND BSD-3-Clause	https://github.com/microsoft/regorus	acf7f7a25ec718be7c0d58eb2bd8dd1e6c0163df		LICENSE@sha256:2836b281f079ac44674ddde653b2933d5fb028638d2358e744d0585fcf05c2a8
ring	0.17.14	registry+https://github.com/rust-lang/crates.io-index	a4689e6c2294d81e88dc6261c768b63bc4fcdb852be6d1352498b114f61383b7	Apache-2.0 AND ISC	Apache-2.0 AND ISC	https://github.com/briansmith/ring	2723abbca9e83347d82b056d5b239c6604f786df		LICENSE@sha256:b3d734001a94efff3579978d953391aa7115f877657d25eb54037a43875d078a;LICENSE-BoringSSL@sha256:005fc765ddc5115da796cca915baa9557abae13ff35e0a47c47affc56f6c414d;LICENSE-other-bits@sha256:f025ccfb7dfb6bdfedc75ca0f67acc69e6fb4998143d834f7c2f38a29989680f;src/polyfill/once_cell/LICENSE-APACHE@sha256:a60eea817514531668d7e00765731449fe14d059d3249e0bc93b36de45f759f2;src/polyfill/once_cell/LICENSE-MIT@sha256:6ee2ed6c77710de911761acd5fc1ad1da00f476beb1a7ef27e78c2d1858deafc;third_party/fiat/LICENSE@sha256:9eacbcb81be660840c714a560a9d65ba07913db98dd4baf969f78dd499fdd60f
rustc_version	0.4.1	registry+https://github.com/rust-lang/crates.io-index	cfcb3a22ef46e85b45de6ee7e79d063319ebb6594faafcf1c225ea92ab6e9b92	MIT OR Apache-2.0	MIT OR Apache-2.0	https://github.com/djc/rustc-version-rs	eeca449cca83e24150e46739e797aa82e9142809		LICENSE-APACHE@sha256:a60eea817514531668d7e00765731449fe14d059d3249e0bc93b36de45f759f2;LICENSE-MIT@sha256:c9a75f18b9ab2927829a208fc6aa2cf4e63b8420887ba29cdb265d6619ae82d5
rustix	1.1.4	registry+https://github.com/rust-lang/crates.io-index	b6fe4565b9518b83ef4f91bb47ce29620ca828bd32cb7e408f0062e9930ba190	Apache-2.0 WITH LLVM-exception OR Apache-2.0 OR MIT	Apache-2.0 WITH LLVM-exception OR Apache-2.0 OR MIT	https://github.com/bytecodealliance/rustix	c4caf5caaa7e93828a2e4a4cdba1dd0171e45717		COPYRIGHT@sha256:377c2e7c53250cc5905c0b0532d35973392af16ffb9596a41d99d202cf3617c9;LICENSE-APACHE@sha256:a60eea817514531668d7e00765731449fe14d059d3249e0bc93b36de45f759f2;LICENSE-Apache-2.0_WITH_LLVM-exception@sha256:268872b9816f90fd8e85db5a28d33f8150ebb8dd016653fb39ef1f94f2686bc5;LICENSE-MIT@sha256:23f18e03dc49df91622fe2a76176497404e46ced8a715d9d2b67a7446571cca3
rustls	0.23.40	registry+https://github.com/rust-lang/crates.io-index	ef86cd5876211988985292b91c96a8f2d298df24e75989a43a3c73f2d4d8168b	Apache-2.0 OR ISC OR MIT	Apache-2.0 OR ISC OR MIT	https://github.com/rustls/rustls	b44c09fbca5172b3f5e5ed6ba2ffe6fcd934e07a	rustls	LICENSE-APACHE@sha256:a60eea817514531668d7e00765731449fe14d059d3249e0bc93b36de45f759f2;LICENSE-ISC@sha256:7cfafc877eccc46c0e346ccbaa5c51bb6b894d2b818e617d970211e232785ad4;LICENSE-MIT@sha256:709e3175b4212f7b13aa93971c9f62ff8c69ec45ad8c6532a7e0c41d7a7d6f8c
rustls-pki-types	1.14.1	registry+https://github.com/rust-lang/crates.io-index	30a7197ae7eb376e574fe940d068c30fe0462554a3ddbe4eca7838e049c937a9	MIT OR Apache-2.0	MIT OR Apache-2.0	https://github.com/rustls/pki-types	bb3c1da0e69e8ee3dcdfb16c245f974d636ed481		LICENSE-APACHE@sha256:45fd05c4865e7c350b98ad7ac50e1b15462d49af4a91e9b0c9dd933dc9a69742;LICENSE-MIT@sha256:9117d922e667125508dde62b02c1f57ed22f5ad21eb536aa2e2d99e1c796e639
rustls-webpki	0.103.13	registry+https://github.com/rust-lang/crates.io-index	61c429a8649f110dddef65e2a5ad240f747e85f7758a6bccc7e5777bd33f756e	ISC	ISC	https://github.com/rustls/webpki	2879b2ce7a476181ac3050f73fe0835f04728e86		LICENSE@sha256:5b698ca13897be3afdb7174256fa1574f8c6892b8bea1a66dd6469d3fe27885a
ryu	1.0.23	registry+https://github.com/rust-lang/crates.io-index	9774ba4a74de5f7b1c1451ed6cd5285a32eddb5cccb8cc655a4e50009e06477f	Apache-2.0 OR BSL-1.0	Apache-2.0 OR BSL-1.0	https://github.com/dtolnay/ryu	f0b52bb194befe6fd242154f2182fafd43a819b8		LICENSE-APACHE@sha256:62c7a1e35f56406896d7aa7ca52d0cc0d272ac022b5d2796e7d6905db8a3636a;LICENSE-BOOST@sha256:c9bff75738922193e67fa726fa225535870d2aa1059f91452c411736284ad566
schemars	1.2.1	registry+https://github.com/rust-lang/crates.io-index	a2b42f36aa1cd011945615b92222f6bf73c599a102a300334cd7f8dbeec726cc	MIT	MIT	https://github.com/GREsau/schemars	5ef5da1e9aecd0e949b591fbb1832fe53fa3e8ba	schemars	LICENSE@sha256:1954992a2b32e8a2af24a4c11b726902e344c1934b947a77f04d404908f8db30
schemars_derive	1.2.1	registry+https://github.com/rust-lang/crates.io-index	7d115b50f4aaeea07e79c1912f645c7513d81715d0420f8bc77a18c6260b307f	MIT	MIT	https://github.com/GREsau/schemars	5ef5da1e9aecd0e949b591fbb1832fe53fa3e8ba	schemars_derive	LICENSE@sha256:1954992a2b32e8a2af24a4c11b726902e344c1934b947a77f04d404908f8db30
scopeguard	1.2.0	registry+https://github.com/rust-lang/crates.io-index	94143f37725109f92c262ed2cf5e59bce7498c01bcc1502d7b9afe439a4e9f49	MIT OR Apache-2.0	MIT OR Apache-2.0	https://github.com/bluss/scopeguard	bb988222848d39b0b9037b29da3a3a1eb05ebf4b		LICENSE-APACHE@sha256:a60eea817514531668d7e00765731449fe14d059d3249e0bc93b36de45f759f2;LICENSE-MIT@sha256:fb77f0a9c53e473abe5103c8632ef9f0f2874d4fb3f17cb2d8c661aab9cee9d7
semver	1.0.28	registry+https://github.com/rust-lang/crates.io-index	8a7852d02fc848982e0c167ef163aaff9cd91dc640ba85e263cb1ce46fae51cd	MIT OR Apache-2.0	MIT OR Apache-2.0	https://github.com/dtolnay/semver	7625c7aa3f0e8ba21e099d1765bcebcb72aa8816		LICENSE-APACHE@sha256:62c7a1e35f56406896d7aa7ca52d0cc0d272ac022b5d2796e7d6905db8a3636a;LICENSE-MIT@sha256:23f18e03dc49df91622fe2a76176497404e46ced8a715d9d2b67a7446571cca3
serde	1.0.228	registry+https://github.com/rust-lang/crates.io-index	9a8e94ea7f378bd32cbbd37198a4a91436180c5bb472411e48b5ec2e2124ae9e	MIT OR Apache-2.0	MIT OR Apache-2.0	https://github.com/serde-rs/serde	a866b336f14aa57a07f0d0be9f8762746e64ecb4	serde	LICENSE-APACHE@sha256:62c7a1e35f56406896d7aa7ca52d0cc0d272ac022b5d2796e7d6905db8a3636a;LICENSE-MIT@sha256:23f18e03dc49df91622fe2a76176497404e46ced8a715d9d2b67a7446571cca3
serde_core	1.0.228	registry+https://github.com/rust-lang/crates.io-index	41d385c7d4ca58e59fc732af25c3983b67ac852c1a25000afe1175de458b67ad	MIT OR Apache-2.0	MIT OR Apache-2.0	https://github.com/serde-rs/serde	a866b336f14aa57a07f0d0be9f8762746e64ecb4	serde_core	LICENSE-APACHE@sha256:62c7a1e35f56406896d7aa7ca52d0cc0d272ac022b5d2796e7d6905db8a3636a;LICENSE-MIT@sha256:23f18e03dc49df91622fe2a76176497404e46ced8a715d9d2b67a7446571cca3
serde_derive	1.0.228	registry+https://github.com/rust-lang/crates.io-index	d540f220d3187173da220f885ab66608367b6574e925011a9353e4badda91d79	MIT OR Apache-2.0	MIT OR Apache-2.0	https://github.com/serde-rs/serde	a866b336f14aa57a07f0d0be9f8762746e64ecb4	serde_derive	LICENSE-APACHE@sha256:62c7a1e35f56406896d7aa7ca52d0cc0d272ac022b5d2796e7d6905db8a3636a;LICENSE-MIT@sha256:23f18e03dc49df91622fe2a76176497404e46ced8a715d9d2b67a7446571cca3
serde_derive_internals	0.29.1	registry+https://github.com/rust-lang/crates.io-index	18d26a20a969b9e3fdf2fc2d9f21eda6c40e2de84c9408bb5d3b05d499aae711	MIT OR Apache-2.0	MIT OR Apache-2.0	https://github.com/serde-rs/serde	87f635e54d5359fa0eb94b1ef0a684ee3d24cb85	serde_derive_internals	LICENSE-APACHE@sha256:62c7a1e35f56406896d7aa7ca52d0cc0d272ac022b5d2796e7d6905db8a3636a;LICENSE-MIT@sha256:23f18e03dc49df91622fe2a76176497404e46ced8a715d9d2b67a7446571cca3
serde_json	1.0.149	registry+https://github.com/rust-lang/crates.io-index	83fc039473c5595ace860d8c4fafa220ff474b3fc6bfdb4293327f1a37e94d86	MIT OR Apache-2.0	MIT OR Apache-2.0	https://github.com/serde-rs/json	4f6dbfac79647d032b0997b5ab73022340c6dab7		LICENSE-APACHE@sha256:62c7a1e35f56406896d7aa7ca52d0cc0d272ac022b5d2796e7d6905db8a3636a;LICENSE-MIT@sha256:23f18e03dc49df91622fe2a76176497404e46ced8a715d9d2b67a7446571cca3
serde_repr	0.1.20	registry+https://github.com/rust-lang/crates.io-index	175ee3e80ae9982737ca543e96133087cbd9a485eecc3bc4de9c1a37b47ea59c	MIT OR Apache-2.0	MIT OR Apache-2.0	https://github.com/dtolnay/serde-repr	dddfad6f5a6e6ba904461a5dc3f12a458ddb0f81		LICENSE-APACHE@sha256:62c7a1e35f56406896d7aa7ca52d0cc0d272ac022b5d2796e7d6905db8a3636a;LICENSE-MIT@sha256:23f18e03dc49df91622fe2a76176497404e46ced8a715d9d2b67a7446571cca3
serde_spanned	1.1.1	registry+https://github.com/rust-lang/crates.io-index	6662b5879511e06e8999a8a235d848113e942c9124f211511b16466ee2995f26	MIT OR Apache-2.0	MIT OR Apache-2.0	https://github.com/toml-rs/toml	9db8aad6eafbc62f6b9d1950117649cc41eaf695	crates/serde_spanned	LICENSE-APACHE@sha256:c6596eb7be8581c18be736c846fb9173b69eccf6ef94c5135893ec56bd92ba08;LICENSE-MIT@sha256:6efb0476a1cc085077ed49357026d8c173bf33017278ef440f222fb9cbcb66e6
serde_yaml	0.9.34+deprecated	registry+https://github.com/rust-lang/crates.io-index	6a8b1a1a2ebf674015cc02edccce75287f1a0130d394307b36743c2f5d504b47	MIT OR Apache-2.0	MIT OR Apache-2.0	https://github.com/dtolnay/serde-yaml	2009506d33767dfc88e979d6bc0d53d09f941c94		LICENSE-APACHE@sha256:62c7a1e35f56406896d7aa7ca52d0cc0d272ac022b5d2796e7d6905db8a3636a;LICENSE-MIT@sha256:23f18e03dc49df91622fe2a76176497404e46ced8a715d9d2b67a7446571cca3
serde_yaml_ng	0.10.0	registry+https://github.com/rust-lang/crates.io-index	7b4db627b98b36d4203a7b458cf3573730f2bb591b28871d916dfa9efabfd41f	MIT	MIT	https://github.com/acatton/serde-yaml-ng	45bce7bd7efb754ffc9dc910f3d1bae7edd0adf4		LICENSE@sha256:4cb6f99bc6158a9feba329a21ac24020c3b2cc6b6597645023adb8ae1371bd74
sha1	0.10.6	registry+https://github.com/rust-lang/crates.io-index	e3bf829a2d51ab4a5ddf1352d8470c140cadc8301b2ae1789db023f01cedd6ba	MIT OR Apache-2.0	MIT OR Apache-2.0	https://github.com/RustCrypto/hashes	7aba4b52715f9cb17a90303bab55bd59471d65ae	sha1	LICENSE-APACHE@sha256:a9040321c3712d8fd0b09cf52b17445de04a23a10165049ae187cd39e5c86be5;LICENSE-MIT@sha256:b4eb00df6e2a4d22518fcaa6a2b4646f249b3a3c9814509b22bd2091f1392ff1
sha2	0.10.9	registry+https://github.com/rust-lang/crates.io-index	a7507d819769d01a365ab707794a4084392c824f54a7a6a7862f8c3d0892b283	MIT OR Apache-2.0	MIT OR Apache-2.0	https://github.com/RustCrypto/hashes	82c36a428f8d6f05f3bfccdedb243e9d1f85359d	sha2	LICENSE-APACHE@sha256:a9040321c3712d8fd0b09cf52b17445de04a23a10165049ae187cd39e5c86be5;LICENSE-MIT@sha256:b4eb00df6e2a4d22518fcaa6a2b4646f249b3a3c9814509b22bd2091f1392ff1
sharded-slab	0.1.7	registry+https://github.com/rust-lang/crates.io-index	f40ca3c46823713e0d4209592e8d6e826aa57e928f09752619fc696c499637f6	MIT	MIT	https://github.com/hawkw/sharded-slab	40579b92debe2ef283a455eb379945e023080ff3		LICENSE@sha256:eafbfa606bc005ed7fd2f623d65af17ffe4ef7c017221ac14405bf4140771ea9
shlex	1.3.0	registry+https://github.com/rust-lang/crates.io-index	0fda2ff0d084019ba4d7c6f371c95d8fd75ce3524c3cb8fb653a3023f6323e64	MIT OR Apache-2.0	MIT OR Apache-2.0	https://github.com/comex/rust-shlex	4a0724b0b62ef715467875b040a890ce75a8a829		LICENSE-APACHE@sha256:553fffcd9b1cb158bc3e9edc35da85ca5c3b3d7d2e61c883ebcfa8a65814b583;LICENSE-MIT@sha256:4455bf75a91154108304cb283e0fea9948c14f13e20d60887cf2552449dea3b1
signal-hook-registry	1.4.8	registry+https://github.com/rust-lang/crates.io-index	c4db69cba1110affc0e9f7bcd48bbf87b3f4fc7c61fc9155afd4c469eb3d6c1b	MIT OR Apache-2.0	MIT OR Apache-2.0	https://github.com/vorner/signal-hook	4d5fd6a6663be38e70774e4ac733d65916c70951	signal-hook-registry	LICENSE-APACHE@sha256:a60eea817514531668d7e00765731449fe14d059d3249e0bc93b36de45f759f2;LICENSE-MIT@sha256:503558bfefe66ca15e4e3f7955b3cb0ec87fd52f29bf24b336af7bd00e946d5c
simd-adler32	0.3.9	registry+https://github.com/rust-lang/crates.io-index	703d5c7ef118737c72f1af64ad2f6f8c5e1921f818cdcb97b8fe6fc69bf66214	MIT	MIT	https://github.com/mcountryman/simd-adler32	0b94f6a278f5662f24d311c9c1f16bcf272b7f43		LICENSE.md@sha256:42a35170233e83e18856792e748de4c1ce4a63b2afce9a370c89ef3fe23f9f2d
siphasher	1.0.2	registry+https://github.com/rust-lang/crates.io-index	b2aa850e253778c88a04c3d7323b043aeda9d3e30d5971937c1855769763678e	MIT/Apache-2.0	MIT OR Apache-2.0	https://github.com/jedisct1/rust-siphash	db8172048a1c9bdef0dcec782d965c236161af13		COPYING@sha256:c962ee4d1d05ddc138b202b2540219ebc57893fcf97b364852094a9a94ce1365
slab	0.4.12	registry+https://github.com/rust-lang/crates.io-index	0c790de23124f9ab44544d7ac05d60440adc586479ce501c1d6d7da3cd8c9cf5	MIT	MIT	https://github.com/tokio-rs/slab	a1e4346070a48c936d808de75191dee5d01e433c		LICENSE@sha256:8ce0830173fdac609dfb4ea603fdc002c2f4af0dc9b1a005653f5da9cf534b18
smallvec	1.15.1	registry+https://github.com/rust-lang/crates.io-index	67b1b7a3b5fe4f1376887184045fcf45c69e92af734b7aaddc05fb777b6fbd03	MIT OR Apache-2.0	MIT OR Apache-2.0	https://github.com/servo/rust-smallvec	d0f47a3ea99296498ee940b5d99f59b403c498a2		LICENSE-APACHE@sha256:a60eea817514531668d7e00765731449fe14d059d3249e0bc93b36de45f759f2;LICENSE-MIT@sha256:0b28172679e0009b655da42797c03fd163a3379d5cfa67ba1f1655e974a2a1a9
socket2	0.6.3	registry+https://github.com/rust-lang/crates.io-index	3a766e1110788c36f4fa1c2b71b387a7815aa65f88ce0229841826633d93723e	MIT OR Apache-2.0	MIT OR Apache-2.0	https://github.com/rust-lang/socket2	642df44ae1eded922247300a83f8d60e159d9c9d		LICENSE-APACHE@sha256:a60eea817514531668d7e00765731449fe14d059d3249e0bc93b36de45f759f2;LICENSE-MIT@sha256:378f5840b258e2779c39418f3f2d7b2ba96f1c7917dd6be0713f88305dbda397
spin	0.10.1	registry+https://github.com/rust-lang/crates.io-index	023a211cb3138dbc438680b32560ad89f699977624c9f8dbb95a47d5b4c07dd3	MIT	MIT	https://github.com/mvdnes/spin-rs.git	026d8e95bf03f90ad2067038df4c138ebc1ac4e7		LICENSE@sha256:6ac8711fb340c62ce0a4ecd463342d3fa0e8e70de697c863a2e1c0c53006003c
spin	0.9.9	registry+https://github.com/rust-lang/crates.io-index	3763264f6b73151db08c50ff20d7d8a0b8796e021cdea7ceedad07b80155fa0e	MIT	MIT	https://github.com/mvdnes/spin-rs.git	d882207a7befa5dd74981306e9c2cc2c3ef21cd7		LICENSE@sha256:6ac8711fb340c62ce0a4ecd463342d3fa0e8e70de697c863a2e1c0c53006003c
stable_deref_trait	1.2.1	registry+https://github.com/rust-lang/crates.io-index	6ce2be8dc25455e1f91df71bfa12ad37d7af1092ae736f3a6cd0e37bc7810596	MIT OR Apache-2.0	MIT OR Apache-2.0	https://github.com/storyyeller/stable_deref_trait	30002b4228f7cdee309217b6bf6eee099dda0b00		LICENSE-APACHE@sha256:a60eea817514531668d7e00765731449fe14d059d3249e0bc93b36de45f759f2;LICENSE-MIT@sha256:5e05b024f653a5ce199e77cbbbd42fb5553562ec714b819421ed0c3e552a75d7
static_assertions	1.1.0	registry+https://github.com/rust-lang/crates.io-index	a2eb9349b6444b326872e140eb1cf5e7c522154d69e7a0ffb0fb81c06b37543f	MIT OR Apache-2.0	MIT OR Apache-2.0	https://github.com/nvzqz/static-assertions-rs	18bc65a094d890fe1faa5d3ccb70f12b89eabf56		LICENSE-APACHE@sha256:cfc7749b96f63bd31c3c42b5c471bf756814053e847c10f3eb003417bc523d30;LICENSE-MIT@sha256:ea084a2373ebc1f0902c09266e7bf25a05ab3814c1805bb017ffa7308f90c061
strict-num	0.1.1	registry+https://github.com/rust-lang/crates.io-index	6637bab7722d379c8b41ba849228d680cc12d0a45ba1fa2b48f2a30577a06731	MIT	MIT	https://github.com/RazrFalcon/strict-num	edf5020c215063c3a9eb8fcac463c82eaceba6df		LICENSE@sha256:3085885678bb161f6c472bbd331f66a2550b555eb76128f7f8247779128199c0
subtle	2.6.1	registry+https://github.com/rust-lang/crates.io-index	13c2bddecc57b384dee18652358fb23172facb8a2c51ccc10d74c157bdea3292	BSD-3-Clause	BSD-3-Clause	https://github.com/dalek-cryptography/subtle	5457b5448b021d1da101ababbb854e6657233943		LICENSE@sha256:d1fc1bc0d155df60b2e7705b6b2ae02a05c96f948e1cec6e2fb86360b09f346b
syn	2.0.117	registry+https://github.com/rust-lang/crates.io-index	e665b8803e7b1d2a727f4023456bbbbe74da67099c585258af0ad9c5013b9b99	MIT OR Apache-2.0	MIT OR Apache-2.0	https://github.com/dtolnay/syn	7bcb37cdb3399977658c8b52d2441d37e42e48f2		LICENSE-APACHE@sha256:62c7a1e35f56406896d7aa7ca52d0cc0d272ac022b5d2796e7d6905db8a3636a;LICENSE-MIT@sha256:23f18e03dc49df91622fe2a76176497404e46ced8a715d9d2b67a7446571cca3
synstructure	0.13.2	registry+https://github.com/rust-lang/crates.io-index	728a70f3dbaf5bab7f0c4b1ac8d7ae5ea60a4b5549c8a5914361c99147a709d2	MIT	MIT	https://github.com/mystor/synstructure	91ead072fa43c55f35880bd7f75a2b0eab72a04e		LICENSE@sha256:219920e865eee70b7dcfc948a86b099e7f4fe2de01bcca2ca9a20c0a033f2b59
tap	1.0.1	registry+https://github.com/rust-lang/crates.io-index	55937e1799185b12863d447f42597ed69d9928686b8d88a1df17376a097d8369	MIT	MIT	https://github.com/myrrlyn/tap	f5315f0f5ca90ce6399daac76c1fe3ba645a4e4e		LICENSE.txt@sha256:8b4e95f5cf0dc40269c99f7b787203ffe04ded245ca2427422c196efa2b2f42a
tar	0.4.46	registry+https://github.com/rust-lang/crates.io-index	3f6221d9a6003c78398e3b239969f352578258df48c8eb051caadae0015bc840	MIT OR Apache-2.0	MIT OR Apache-2.0	https://github.com/composefs/tar-rs	fc459c149f83bf4daceaa52e17d351989002e1a9		LICENSE-APACHE@sha256:a60eea817514531668d7e00765731449fe14d059d3249e0bc93b36de45f759f2;LICENSE-MIT@sha256:8ca6b96cea9e67c6c5c63f452c31bd396db8bd2406231fdea5d48ef462b48077
tempfile	3.27.0	registry+https://github.com/rust-lang/crates.io-index	32497e9a4c7b38532efcdebeef879707aa9f794296a4f0244f6f69e9bc8574bd	MIT OR Apache-2.0	MIT OR Apache-2.0	https://github.com/Stebalien/tempfile	5c8fa12eb584931b4f1bccfde87eb72fbfa7dc61		LICENSE-APACHE@sha256:a60eea817514531668d7e00765731449fe14d059d3249e0bc93b36de45f759f2;LICENSE-MIT@sha256:8b427f5bc501764575e52ba4f9d95673cf8f6d80a86d0d06599852e1a9a20a36
thiserror	1.0.69	registry+https://github.com/rust-lang/crates.io-index	b6aaf5339b578ea85b50e080feb250a3e8ae8cfcdff9a461c9ec2904bc923f52	MIT OR Apache-2.0	MIT OR Apache-2.0	https://github.com/dtolnay/thiserror	41938bd3a03a70d34ed8e53d99c89c770c7c9c41		LICENSE-APACHE@sha256:62c7a1e35f56406896d7aa7ca52d0cc0d272ac022b5d2796e7d6905db8a3636a;LICENSE-MIT@sha256:23f18e03dc49df91622fe2a76176497404e46ced8a715d9d2b67a7446571cca3
thiserror	2.0.18	registry+https://github.com/rust-lang/crates.io-index	4288b5bcbc7920c07a1149a35cf9590a2aa808e0bc1eafaade0b80947865fbc4	MIT OR Apache-2.0	MIT OR Apache-2.0	https://github.com/dtolnay/thiserror	dc0f6a23a3fb6ae34ef117133ec43650450c4b32		LICENSE-APACHE@sha256:62c7a1e35f56406896d7aa7ca52d0cc0d272ac022b5d2796e7d6905db8a3636a;LICENSE-MIT@sha256:23f18e03dc49df91622fe2a76176497404e46ced8a715d9d2b67a7446571cca3
thiserror-impl	1.0.69	registry+https://github.com/rust-lang/crates.io-index	4fee6c4efc90059e10f81e6d42c60a18f76588c3d74cb83a0b242a2b6c7504c1	MIT OR Apache-2.0	MIT OR Apache-2.0	https://github.com/dtolnay/thiserror	41938bd3a03a70d34ed8e53d99c89c770c7c9c41	impl	LICENSE-APACHE@sha256:62c7a1e35f56406896d7aa7ca52d0cc0d272ac022b5d2796e7d6905db8a3636a;LICENSE-MIT@sha256:23f18e03dc49df91622fe2a76176497404e46ced8a715d9d2b67a7446571cca3
thiserror-impl	2.0.18	registry+https://github.com/rust-lang/crates.io-index	ebc4ee7f67670e9b64d05fa4253e753e016c6c95ff35b89b7941d6b856dec1d5	MIT OR Apache-2.0	MIT OR Apache-2.0	https://github.com/dtolnay/thiserror	dc0f6a23a3fb6ae34ef117133ec43650450c4b32	impl	LICENSE-APACHE@sha256:62c7a1e35f56406896d7aa7ca52d0cc0d272ac022b5d2796e7d6905db8a3636a;LICENSE-MIT@sha256:23f18e03dc49df91622fe2a76176497404e46ced8a715d9d2b67a7446571cca3
thread_local	1.1.9	registry+https://github.com/rust-lang/crates.io-index	f60246a4944f24f6e018aa17cdeffb7818b76356965d03b07d6a9886e8962185	MIT OR Apache-2.0	MIT OR Apache-2.0	https://github.com/Amanieu/thread_local-rs	4b7cc0f30b81b768fafc4b0ef4d541bfc94a0433		LICENSE-APACHE@sha256:a60eea817514531668d7e00765731449fe14d059d3249e0bc93b36de45f759f2;LICENSE-MIT@sha256:c9a75f18b9ab2927829a208fc6aa2cf4e63b8420887ba29cdb265d6619ae82d5
tiny-skia	0.11.4	registry+https://github.com/rust-lang/crates.io-index	83d13394d44dae3207b52a326c0c85a8bf87f1541f23b0d143811088497b09ab	BSD-3-Clause	BSD-3-Clause	https://github.com/RazrFalcon/tiny-skia	ce3fe9bab0659fb928d6c22c03b74e009a8a2b77		LICENSE@sha256:6d41e05f1d54fe726997cb0334ec539f1dff50600b1d5d90462ec2b392770ced
tiny-skia-path	0.11.4	registry+https://github.com/rust-lang/crates.io-index	9c9e7fc0c2e86a30b117d0462aa261b72b7a99b7ebd7deb3a14ceda95c5bdc93	BSD-3-Clause	BSD-3-Clause	https://github.com/RazrFalcon/tiny-skia/tree/master/path	ce3fe9bab0659fb928d6c22c03b74e009a8a2b77	path	LICENSE@sha256:6d41e05f1d54fe726997cb0334ec539f1dff50600b1d5d90462ec2b392770ced
tinystr	0.8.3	registry+https://github.com/rust-lang/crates.io-index	c8323304221c2a851516f22236c5722a72eaa19749016521d6dff0824447d96d	Unicode-3.0	Unicode-3.0	https://github.com/unicode-org/icu4x	c9fac4e625ccb2c6a7aa35079fff9709db4385ac	utils/tinystr	LICENSE@sha256:f367c1b8e1aa262435251e442901da4607b4650e0e63a026f5044473ecfb90f2
tokio	1.52.1	registry+https://github.com/rust-lang/crates.io-index	b67dee974fe86fd92cc45b7a95fdd2f99a36a6d7b0d431a231178d3d670bbcc6	MIT	MIT	https://github.com/tokio-rs/tokio	8f89d93eb477681f66c4b83880e3313e94d3da40	tokio	LICENSE@sha256:253cd04c6714889df2d32f3f64d669179a1c95c76ac43c40882c52eb06bc3552
tokio-macros	2.7.0	registry+https://github.com/rust-lang/crates.io-index	385a6cb71ab9ab790c5fe8d67f1645e6c450a7ce006a33de03daa956cf70a496	MIT	MIT	https://github.com/tokio-rs/tokio	01a7f1dfabc93293743701074752ff0d8e787595	tokio-macros	LICENSE@sha256:0b83dc40cba89b9922bb84b0a9c7d2768ce37c1d7e138b7424fd4549915778c9
tokio-tungstenite	0.24.0	registry+https://github.com/rust-lang/crates.io-index	edc5f74e248dc973e0dbb7b74c7e0d6fcc301c694ff50049504004ef4d0cdcd9	MIT	MIT	https://github.com/snapview/tokio-tungstenite	cae2e89102dbb212ee723b912f7dc540398be28e		LICENSE@sha256:fdd55e2b2da854b0fbdc1e607df7c2ba1e1ebf91ecb77c515511ebeef972bc8f
toml	0.9.12+spec-1.1.0	registry+https://github.com/rust-lang/crates.io-index	cf92845e79fc2e2def6a5d828f0801e29a2f8acc037becc5ab08595c7d5e9863	MIT OR Apache-2.0	MIT OR Apache-2.0	https://github.com/toml-rs/toml	a26defd343a2fdb04a193b3fb70b58c80d48ef71	crates/toml	LICENSE-APACHE@sha256:c6596eb7be8581c18be736c846fb9173b69eccf6ef94c5135893ec56bd92ba08;LICENSE-MIT@sha256:6efb0476a1cc085077ed49357026d8c173bf33017278ef440f222fb9cbcb66e6
toml_datetime	0.7.5+spec-1.1.0	registry+https://github.com/rust-lang/crates.io-index	92e1cfed4a3038bc5a127e35a2d360f145e1f4b971b551a2ba5fd7aedf7e1347	MIT OR Apache-2.0	MIT OR Apache-2.0	https://github.com/toml-rs/toml	e32c7a2f9b126d42fab0705e9783fec42b88e861	crates/toml_datetime	LICENSE-APACHE@sha256:c6596eb7be8581c18be736c846fb9173b69eccf6ef94c5135893ec56bd92ba08;LICENSE-MIT@sha256:6efb0476a1cc085077ed49357026d8c173bf33017278ef440f222fb9cbcb66e6
toml_datetime	1.1.1+spec-1.1.0	registry+https://github.com/rust-lang/crates.io-index	3165f65f62e28e0115a00b2ebdd37eb6f3b641855f9d636d3cd4103767159ad7	MIT OR Apache-2.0	MIT OR Apache-2.0	https://github.com/toml-rs/toml	9db8aad6eafbc62f6b9d1950117649cc41eaf695	crates/toml_datetime	LICENSE-APACHE@sha256:c6596eb7be8581c18be736c846fb9173b69eccf6ef94c5135893ec56bd92ba08;LICENSE-MIT@sha256:6efb0476a1cc085077ed49357026d8c173bf33017278ef440f222fb9cbcb66e6
toml_edit	0.25.12+spec-1.1.0	registry+https://github.com/rust-lang/crates.io-index	d2153edc6955a6c354fad8f5efd38b6a8769bdccf9fe50f8e1329f81b0baa5d7	MIT OR Apache-2.0	MIT OR Apache-2.0	https://github.com/toml-rs/toml	c448b9a1dde248203ca7b524f59d4342fa431610	crates/toml_edit	LICENSE-APACHE@sha256:c6596eb7be8581c18be736c846fb9173b69eccf6ef94c5135893ec56bd92ba08;LICENSE-MIT@sha256:6efb0476a1cc085077ed49357026d8c173bf33017278ef440f222fb9cbcb66e6
toml_parser	1.1.2+spec-1.1.0	registry+https://github.com/rust-lang/crates.io-index	a2abe9b86193656635d2411dc43050282ca48aa31c2451210f4202550afb7526	MIT OR Apache-2.0	MIT OR Apache-2.0	https://github.com/toml-rs/toml	a3d0047c95dfc6e82997d508dd93c9908650a418	crates/toml_parser	LICENSE-APACHE@sha256:c6596eb7be8581c18be736c846fb9173b69eccf6ef94c5135893ec56bd92ba08;LICENSE-MIT@sha256:6efb0476a1cc085077ed49357026d8c173bf33017278ef440f222fb9cbcb66e6
toml_writer	1.1.2+spec-1.1.0	registry+https://github.com/rust-lang/crates.io-index	7d56353a2a665ad0f41a421187180aab746c8c325620617ad883a99a1cbe66d2	MIT OR Apache-2.0	MIT OR Apache-2.0	https://github.com/toml-rs/toml	eb251609a333580bf005cae27df853bb63dffdbe	crates/toml_writer	LICENSE-APACHE@sha256:c6596eb7be8581c18be736c846fb9173b69eccf6ef94c5135893ec56bd92ba08;LICENSE-MIT@sha256:6efb0476a1cc085077ed49357026d8c173bf33017278ef440f222fb9cbcb66e6
tracing	0.1.44	registry+https://github.com/rust-lang/crates.io-index	63e71662fa4b2a2c3a26f570f037eb95bb1f85397f3cd8076caed2f026a6d100	MIT	MIT	https://github.com/tokio-rs/tracing	2d55f6faf9be83e7e4634129fb96813241aac2b8	tracing	LICENSE@sha256:898b1ae9821e98daf8964c8d6c7f61641f5f5aa78ad500020771c0939ee0dea1
tracing-attributes	0.1.31	registry+https://github.com/rust-lang/crates.io-index	7490cfa5ec963746568740651ac6781f701c9c5ea257c58e057f3ba8cf69e8da	MIT	MIT	https://github.com/tokio-rs/tracing	55086231ec4aaeffcaab9932e696f40278f06bd1	tracing-attributes	LICENSE@sha256:898b1ae9821e98daf8964c8d6c7f61641f5f5aa78ad500020771c0939ee0dea1
tracing-core	0.1.36	registry+https://github.com/rust-lang/crates.io-index	db97caf9d906fbde555dd62fa95ddba9eecfd14cb388e4f491a66d74cd5fb79a	MIT	MIT	https://github.com/tokio-rs/tracing	10a9e838a35e6ded79d66af246be2ee05417136d	tracing-core	LICENSE@sha256:898b1ae9821e98daf8964c8d6c7f61641f5f5aa78ad500020771c0939ee0dea1;src/spin/LICENSE@sha256:58545fed1565e42d687aecec6897d35c6d37ccb71479a137c0deb2203e125c79
tracing-log	0.2.0	registry+https://github.com/rust-lang/crates.io-index	ee855f1f400bd0e5c02d150ae5de3840039a3f54b025156404e34c23c03f47c3	MIT	MIT	https://github.com/tokio-rs/tracing	4161d8137d4f6117f17b110b0ec022d9350bf8e6	tracing-log	LICENSE@sha256:898b1ae9821e98daf8964c8d6c7f61641f5f5aa78ad500020771c0939ee0dea1
tracing-subscriber	0.3.23	registry+https://github.com/rust-lang/crates.io-index	cb7f578e5945fb242538965c2d0b04418d38ec25c79d160cd279bf0731c8d319	MIT	MIT	https://github.com/tokio-rs/tracing	54ede4d5d85a536aed5485c5213011d9ec961935	tracing-subscriber	LICENSE@sha256:898b1ae9821e98daf8964c8d6c7f61641f5f5aa78ad500020771c0939ee0dea1
tree_magic_mini	3.2.2	registry+https://github.com/rust-lang/crates.io-index	b8765b90061cba6c22b5831f675da109ae5561588290f9fa2317adab2714d5a6	MIT	MIT	https://github.com/mbrubeck/tree_magic/	75bf1b01dc81d5c0b3377a3202792fa83097872c		LICENSE@sha256:a7cea8a5a56ba02950d098a7c56eed312fc745ceecd437e4aad2f7f8d38661b8
ttf-parser	0.21.1	registry+https://github.com/rust-lang/crates.io-index	2c591d83f69777866b9126b24c6dd9a18351f177e49d625920d19f989fd31cf8	MIT OR Apache-2.0	MIT OR Apache-2.0	https://github.com/RazrFalcon/ttf-parser	423f97dc246189467c3d8d1326bd92416fef4a85		LICENSE-APACHE@sha256:a60eea817514531668d7e00765731449fe14d059d3249e0bc93b36de45f759f2;LICENSE-MIT@sha256:f3c9fe731c701ed77fd5fbaac573872af04dc5869385eb9bd5e3c73c42713814
tungstenite	0.24.0	registry+https://github.com/rust-lang/crates.io-index	18e5b8366ee7a95b16d32197d0b2604b43a0be89dc5fac9f8e96ccafbaedda8a	MIT OR Apache-2.0	MIT OR Apache-2.0	https://github.com/snapview/tungstenite-rs	00c00d4a625c9c52b125f2dbb370793e547085a6		LICENSE-APACHE@sha256:a60eea817514531668d7e00765731449fe14d059d3249e0bc93b36de45f759f2;LICENSE-MIT@sha256:7fea0ee51a4ca5d5cea7464135fd55e8b09caf3a61da3d451ac8a22af95c033f
typenum	1.20.0	registry+https://github.com/rust-lang/crates.io-index	40ce102ab67701b8526c123c1bab5cbe42d7040ccfd0f64af1a385808d2f43de	MIT OR Apache-2.0	MIT OR Apache-2.0	https://github.com/paholg/typenum	c755e2fd5d09e996822938f8fdf3eaccdac9e912		LICENSE@sha256:db11fec9946737df39ca3898d9cd8c10ec6f6c3a884a6802b0ad0b81b4e8f23a;LICENSE-APACHE@sha256:516b24e051bf5630880ebbd55c40a25ce9552ebaf8970a53e8976eb70e522406;LICENSE-MIT@sha256:a825bd853ab71619a4923d7b4311221427848070ff44d990da39b0b274c1683f
unicode-general-category	1.1.0	registry+https://github.com/rust-lang/crates.io-index	0b993bddc193ae5bd0d623b49ec06ac3e9312875fdae725a975c51db1cc1677f	Apache-2.0	Apache-2.0	https://github.com/yeslogic/unicode-general-category	cb2d8a62f035c33d6971b99322aae65f3cea7c88		LICENSE@sha256:b40930bbcf80744c86c46a12bc9da056641d722716c378f5659b9e555ef833e1
unicode-ident	1.0.24	registry+https://github.com/rust-lang/crates.io-index	e6e4313cd5fcd3dad5cafa179702e2b244f760991f45397d14d4ebf38247da75	(MIT OR Apache-2.0) AND Unicode-3.0	(MIT OR Apache-2.0) AND Unicode-3.0	https://github.com/dtolnay/unicode-ident	5b54a632702b5744a1c40ea01c127c0ac0498172		LICENSE-APACHE@sha256:62c7a1e35f56406896d7aa7ca52d0cc0d272ac022b5d2796e7d6905db8a3636a;LICENSE-MIT@sha256:23f18e03dc49df91622fe2a76176497404e46ced8a715d9d2b67a7446571cca3;LICENSE-UNICODE@sha256:f7db81051789b729fea528a63ec4c938fdcb93d9d61d97dc8cc2e9df6d47f2a1
uniffi	0.31.0	registry+https://github.com/rust-lang/crates.io-index	b8c6dec3fc6645f71a16a3fa9ff57991028153bd194ca97f4b55e610c73ce66a	MPL-2.0	MPL-2.0	https://github.com/mozilla/uniffi-rs	309762f55db3f0548194a9ceba3027fa64b18a93	uniffi	fallback:LICENSES/upstream/cargo-fallbacks/uniffi-LICENSE@sha256:1f256ecad192880510e84ad60474eab7589218784b9a50bc7ceee34c2b91f1d5
uniffi_core	0.31.0	registry+https://github.com/rust-lang/crates.io-index	b0ef62e69762fbb9386dcb6c87cd3dd05d525fa8a3a579a290892e60ddbda47e	MPL-2.0	MPL-2.0	https://github.com/mozilla/uniffi-rs	309762f55db3f0548194a9ceba3027fa64b18a93	uniffi_core	fallback:LICENSES/upstream/cargo-fallbacks/uniffi-LICENSE@sha256:1f256ecad192880510e84ad60474eab7589218784b9a50bc7ceee34c2b91f1d5
uniffi_internal_macros	0.31.0	registry+https://github.com/rust-lang/crates.io-index	98f51ebca0d9a4b2aa6c644d5ede45c56f73906b96403c08a1985e75ccb64a01	MPL-2.0	MPL-2.0	https://github.com/mozilla/uniffi-rs	309762f55db3f0548194a9ceba3027fa64b18a93	uniffi_internal_macros	fallback:LICENSES/upstream/cargo-fallbacks/uniffi-LICENSE@sha256:1f256ecad192880510e84ad60474eab7589218784b9a50bc7ceee34c2b91f1d5
uniffi_macros	0.31.0	registry+https://github.com/rust-lang/crates.io-index	db9d12529f1223d014fd501e5f29ca0884d15d6ed5ddddd9f506e55350327dc3	MPL-2.0	MPL-2.0	https://github.com/mozilla/uniffi-rs	309762f55db3f0548194a9ceba3027fa64b18a93	uniffi_macros	fallback:LICENSES/upstream/cargo-fallbacks/uniffi-LICENSE@sha256:1f256ecad192880510e84ad60474eab7589218784b9a50bc7ceee34c2b91f1d5
uniffi_meta	0.31.0	registry+https://github.com/rust-lang/crates.io-index	9df6d413db2827c68588f8149d30d49b71d540d46539e435b23a7f7dbd4d4f86	MPL-2.0	MPL-2.0	https://github.com/mozilla/uniffi-rs	309762f55db3f0548194a9ceba3027fa64b18a93	uniffi_meta	fallback:LICENSES/upstream/cargo-fallbacks/uniffi-LICENSE@sha256:1f256ecad192880510e84ad60474eab7589218784b9a50bc7ceee34c2b91f1d5
uniffi_pipeline	0.31.0	registry+https://github.com/rust-lang/crates.io-index	a806dddc8208f22efd7e95a5cdf88ed43d0f3271e8f63b47e757a8bbdb43b63a	MPL-2.0	MPL-2.0	https://github.com/mozilla/uniffi-rs	309762f55db3f0548194a9ceba3027fa64b18a93	uniffi_pipeline	fallback:LICENSES/upstream/cargo-fallbacks/uniffi-LICENSE@sha256:1f256ecad192880510e84ad60474eab7589218784b9a50bc7ceee34c2b91f1d5
unsafe-libyaml	0.2.11	registry+https://github.com/rust-lang/crates.io-index	673aac59facbab8a9007c7f6108d11f63b603f7cabff99fabf650fea5c32b861	MIT	MIT	https://github.com/dtolnay/unsafe-libyaml	a7b8d1fbd93aefbca3003dcb5fcc6a9c2297e968		LICENSE-MIT@sha256:23f18e03dc49df91622fe2a76176497404e46ced8a715d9d2b67a7446571cca3
untrusted	0.9.0	registry+https://github.com/rust-lang/crates.io-index	8ecb6da28b8a351d773b68d5825ac39017e680750f980f3a1a85cd8dd28a47c1	ISC	ISC	https://github.com/briansmith/untrusted	89c8b8415f692d3803d183fc5fbf9ec08a6adcf4		LICENSE.txt@sha256:7abd9b6960dcf7d4d0a48606a5b71bfe37d472db68d70637f3a58a56785f1621
ureq	3.3.0	registry+https://github.com/rust-lang/crates.io-index	dea7109cdcd5864d4eeb1b58a1648dc9bf520360d7af16ec26d0a9354bafcfc0	MIT OR Apache-2.0	MIT OR Apache-2.0	https://github.com/algesten/ureq	b2adbf00f9a7ac0e2fbcb39d23c1b4f3da723e5c		LICENSE-APACHE@sha256:c71d239df91726fc519c6eb72d318ec65820627232b2f796219e87dcf35d0ab4;LICENSE-MIT@sha256:7e5886959f67f8c75063a9d55cd3cb08c5a8cbea9a944fa1df2d4ae038f53721
ureq-proto	0.6.0	registry+https://github.com/rust-lang/crates.io-index	e994ba84b0bd1b1b0cf92878b7ef898a5c1760108fe7b6010327e274917a808c	MIT OR Apache-2.0	MIT OR Apache-2.0	https://github.com/algesten/ureq-proto	426f5c014e99e1fbd9f37bf5b987896bef39b42a		LICENSE-MIT.txt@sha256:5b460f37be48ac4cf2181596181cc6cae432fc2caae05944873f380730829a4b
url	2.5.8	registry+https://github.com/rust-lang/crates.io-index	ff67a8a4397373c3ef660812acab3268222035010ab8680ec4215f38ba3d0eed	MIT OR Apache-2.0	MIT OR Apache-2.0	https://github.com/servo/rust-url	d6ea13c5f8e7e6e627f6390161b3e185bda5e5ce	url	LICENSE-APACHE@sha256:a60eea817514531668d7e00765731449fe14d059d3249e0bc93b36de45f759f2;LICENSE-MIT@sha256:b38f11f6096706e6de553dabe2a7ed142d59b6fa8c97e290c67496154745cdd5
utf-8	0.7.6	registry+https://github.com/rust-lang/crates.io-index	09cc8ee72d2a9becf2f2febe0205bbed8fc6615b7cb429ad062dc7b7ddd036a9	MIT OR Apache-2.0	MIT OR Apache-2.0	https://github.com/SimonSapin/rust-utf8	9b4165786edaea2ef9cf48f75756537eacf7f20d		LICENSE-APACHE@sha256:62c7a1e35f56406896d7aa7ca52d0cc0d272ac022b5d2796e7d6905db8a3636a;LICENSE-MIT@sha256:23f18e03dc49df91622fe2a76176497404e46ced8a715d9d2b67a7446571cca3
utf8-zero	0.8.1	registry+https://github.com/rust-lang/crates.io-index	b8c0a043c9540bae7c578c88f91dda8bd82e59ae27c21baca69c8b191aaf5a6e	MIT OR Apache-2.0	MIT OR Apache-2.0	https://github.com/algesten/utf8-zero	b6967a15edb15bde05b587f23783109c92acc0bb		LICENSE-APACHE@sha256:62c7a1e35f56406896d7aa7ca52d0cc0d272ac022b5d2796e7d6905db8a3636a;LICENSE-MIT@sha256:23f18e03dc49df91622fe2a76176497404e46ced8a715d9d2b67a7446571cca3
utf8_iter	1.0.4	registry+https://github.com/rust-lang/crates.io-index	b6c140620e7ffbb22c2dee59cafe6084a59b5ffc27a8859a5f0d494b5d52b6be	Apache-2.0 OR MIT	Apache-2.0 OR MIT	https://github.com/hsivonen/utf8_iter	6b604ea2365bd535fb66eb4bfe92a9e00e333090		COPYRIGHT@sha256:c30152c94a6d75e021adbc52b3a52470366a46edb917e17deae3259251af244c;LICENSE-APACHE@sha256:cfc7749b96f63bd31c3c42b5c471bf756814053e847c10f3eb003417bc523d30;LICENSE-MIT@sha256:3fa4ca83dcc9237839b1bdeb2e6d16bdfb5ec0c5ce42b24694d8bbf0dcbef72c
uuid	1.23.1	registry+https://github.com/rust-lang/crates.io-index	ddd74a9687298c6858e9b88ec8935ec45d22e8fd5e6394fa1bd4e99a87789c76	Apache-2.0 OR MIT	Apache-2.0 OR MIT	https://github.com/uuid-rs/uuid	ca0c85fe2172e82e9d0c76e659f5c57ceb86d9a4		LICENSE-APACHE@sha256:a60eea817514531668d7e00765731449fe14d059d3249e0bc93b36de45f759f2;LICENSE-MIT@sha256:436bc5a105d8e57dcd8778730f3754f7bf39c14d2f530e4cde4bd2d17a83ec3d
uuid-simd	0.8.0	registry+https://github.com/rust-lang/crates.io-index	23b082222b4f6619906941c17eb2297fff4c2fb96cb60164170522942a200bd8	MIT	MIT	https://github.com/Nugine/simd	d74c030d9dc4f3cae02146d1f497ff62726ef09a	crates/uuid-simd	fallback:LICENSES/upstream/cargo-fallbacks/simd-LICENSE@sha256:14e66de892a0e218a4d60b2cc41a17a28080c46621d812fa2471983d8c524748
version_check	0.9.5	registry+https://github.com/rust-lang/crates.io-index	0b928f33d975fc6ad9f86c8f283853ad26bdd5b10b7f1542aa2fa15e2289105a	MIT/Apache-2.0	MIT OR Apache-2.0	https://github.com/SergioBenitez/version_check	d77ef9f27cc336719b2d839d09ee6635dd22f758		LICENSE-APACHE@sha256:a60eea817514531668d7e00765731449fe14d059d3249e0bc93b36de45f759f2;LICENSE-MIT@sha256:b7e650f3fce5c53249d1cdc608b54df156a97edd636cf9d23498d0cfe7aec63e
vsimd	0.8.0	registry+https://github.com/rust-lang/crates.io-index	5c3082ca00d5a5ef149bb8b555a72ae84c9c59f7250f013ac822ac2e49b19c64	MIT	MIT	https://github.com/Nugine/simd	d74c030d9dc4f3cae02146d1f497ff62726ef09a	crates/vsimd	fallback:LICENSES/upstream/cargo-fallbacks/simd-LICENSE@sha256:14e66de892a0e218a4d60b2cc41a17a28080c46621d812fa2471983d8c524748
wayland-backend	0.3.15	registry+https://github.com/rust-lang/crates.io-index	2857dd20b54e916ec7253b3d6b4d5c4d7d4ca2c33c2e11c6c76a99bd8744755d	MIT	MIT	https://github.com/smithay/wayland-rs	a3d7927d87799b2955bf491b51c7c2a3a82da661	wayland-backend	LICENSE.txt@sha256:1cb6f4dee8c649f175736380495f0af0c753c87f22d50931692968bb24bf2161
wayland-client	0.31.14	registry+https://github.com/rust-lang/crates.io-index	645c7c96bb74690c3189b5c9cb4ca1627062bb23693a4fad9d8c3de958260144	MIT	MIT	https://github.com/smithay/wayland-rs	a3d7927d87799b2955bf491b51c7c2a3a82da661	wayland-client	LICENSE.txt@sha256:1cb6f4dee8c649f175736380495f0af0c753c87f22d50931692968bb24bf2161
wayland-protocols	0.32.12	registry+https://github.com/rust-lang/crates.io-index	563a85523cade2429938e790815fd7319062103b9f4a2dc806e9b53b95982d8f	MIT	MIT	https://github.com/smithay/wayland-rs	a3d7927d87799b2955bf491b51c7c2a3a82da661	wayland-protocols	LICENSE.txt@sha256:1cb6f4dee8c649f175736380495f0af0c753c87f22d50931692968bb24bf2161;protocols/COPYING@sha256:f1a2b233e8a9a71c40f4aa885be08a0842ac85bb8588703c1dd7e6e6502e3124
wayland-protocols-wlr	0.3.12	registry+https://github.com/rust-lang/crates.io-index	eb04e52f7836d7c7976c78ca0250d61e33873c34156a2a1fc9474828ec268234	MIT	MIT	https://github.com/smithay/wayland-rs	a3d7927d87799b2955bf491b51c7c2a3a82da661	wayland-protocols-wlr	LICENSE.txt@sha256:1cb6f4dee8c649f175736380495f0af0c753c87f22d50931692968bb24bf2161
wayland-scanner	0.31.10	registry+https://github.com/rust-lang/crates.io-index	9c324a910fd86ebdc364a3e61ec1f11737d3b1d6c273c0239ee8ff4bc0d24b4a	MIT	MIT	https://github.com/smithay/wayland-rs	a3d7927d87799b2955bf491b51c7c2a3a82da661	wayland-scanner	LICENSE.txt@sha256:1cb6f4dee8c649f175736380495f0af0c753c87f22d50931692968bb24bf2161
wayland-sys	0.31.11	registry+https://github.com/rust-lang/crates.io-index	d8eab23fefc9e41f8e841df4a9c707e8a8c4ed26e944ef69297184de2785e3be	MIT	MIT	https://github.com/smithay/wayland-rs	a3d7927d87799b2955bf491b51c7c2a3a82da661	wayland-sys	LICENSE.txt@sha256:1cb6f4dee8c649f175736380495f0af0c753c87f22d50931692968bb24bf2161
webpki-roots	1.0.7	registry+https://github.com/rust-lang/crates.io-index	52f5ee44c96cf55f1b349600768e3ece3a8f26010c05265ab73f945bb1a2eb9d	CDLA-Permissive-2.0	CDLA-Permissive-2.0	https://github.com/rustls/webpki-roots	be948464fd5907af6227213a066743a161221688	webpki-roots	LICENSE@sha256:e271993808fec50ab29350b39539cdec611a9103f827e0aa26d61da70e2d33f8
winnow	0.7.15	registry+https://github.com/rust-lang/crates.io-index	df79d97927682d2fd8adb29682d1140b343be4ac0f08fd68b7765d9c059d3945	MIT	MIT	https://github.com/winnow-rs/winnow	eae4d4a23c400fec27a01cfb7115bc7808374f40		LICENSE-MIT@sha256:cb5aedb296c5246d1f22e9099f925a65146f9f0d6b4eebba97fd27a6cdbbab2d
winnow	1.0.3	registry+https://github.com/rust-lang/crates.io-index	0592e1c9d151f854e6fd382574c3a0855250e1d9b2f99d9281c6e6391af352f1	MIT	MIT	https://github.com/winnow-rs/winnow	aabae22f0426695f72a89fed1de6174e221100b3		LICENSE-MIT@sha256:cb5aedb296c5246d1f22e9099f925a65146f9f0d6b4eebba97fd27a6cdbbab2d
wl-clipboard-rs	0.9.3	registry+https://github.com/rust-lang/crates.io-index	e9651471a32e87d96ef3a127715382b2d11cc7c8bb9822ded8a7cc94072eb0a3	MIT/Apache-2.0	MIT OR Apache-2.0	https://github.com/YaLTeR/wl-clipboard-rs	2f6a8852665bd1891a3f3ffa204e62b0f588ef95		LICENSE-APACHE@sha256:a60eea817514531668d7e00765731449fe14d059d3249e0bc93b36de45f759f2;LICENSE-MIT@sha256:d0235d2a1f657b6fd18fd4ce98988348969a9284d94281b6d117830aa259a07a
writeable	0.6.3	registry+https://github.com/rust-lang/crates.io-index	1ffae5123b2d3fc086436f8834ae3ab053a283cfac8fe0a0b8eaae044768a4c4	Unicode-3.0	Unicode-3.0	https://github.com/unicode-org/icu4x	e8d5b7561cf6cc4bee35286f5d5e569100dfa79d	utils/writeable	LICENSE@sha256:f367c1b8e1aa262435251e442901da4607b4650e0e63a026f5044473ecfb90f2
wyz	0.5.1	registry+https://github.com/rust-lang/crates.io-index	05f360fc0b24296329c78fda852a1e9ae82de9cf7b27dae4b7f62f118f77b9ed	MIT	MIT	https://github.com/myrrlyn/wyz	83f076970d745dc1706b46126d5700aa072af031		LICENSE.txt@sha256:411781fd38700f2357a14126d0ab048164ab881f1dcb335c1bb932e232c9a2f5
x11	2.21.0	registry+https://github.com/rust-lang/crates.io-index	502da5464ccd04011667b11c435cb992822c2c0dbde1770c988480d312a0db2e	MIT	MIT	https://github.com/AltF02/x11-rs.git	fced94ef6eb5935c892079a46812806f7b7a9237	x11	LICENSE-MIT@sha256:23f18e03dc49df91622fe2a76176497404e46ced8a715d9d2b67a7446571cca3
x11rb	0.13.2	registry+https://github.com/rust-lang/crates.io-index	9993aa5be5a26815fe2c3eacfc1fde061fc1a1f094bf1ad2a18bf9c495dd7414	MIT OR Apache-2.0	MIT OR Apache-2.0	https://github.com/psychon/x11rb	1b73245acc5dce4c4987c80dd7589e7b60af3532	x11rb	LICENSE-APACHE@sha256:cfc7749b96f63bd31c3c42b5c471bf756814053e847c10f3eb003417bc523d30;LICENSE-MIT@sha256:a72561f47c1f665535930f606739d9098a6186802d5e2e8ec491faf00f4add5b
x11rb-protocol	0.13.2	registry+https://github.com/rust-lang/crates.io-index	ea6fc2961e4ef194dcbfe56bb845534d0dc8098940c7e5c012a258bfec6701bd	MIT OR Apache-2.0	MIT OR Apache-2.0	https://github.com/psychon/x11rb	1b73245acc5dce4c4987c80dd7589e7b60af3532	x11rb-protocol	LICENSE-APACHE@sha256:cfc7749b96f63bd31c3c42b5c471bf756814053e847c10f3eb003417bc523d30;LICENSE-MIT@sha256:a72561f47c1f665535930f606739d9098a6186802d5e2e8ec491faf00f4add5b
yoke	0.8.2	registry+https://github.com/rust-lang/crates.io-index	abe8c5fda708d9ca3df187cae8bfb9ceda00dd96231bed36e445a1a48e66f9ca	Unicode-3.0	Unicode-3.0	https://github.com/unicode-org/icu4x	c9fac4e625ccb2c6a7aa35079fff9709db4385ac	utils/yoke	LICENSE@sha256:f367c1b8e1aa262435251e442901da4607b4650e0e63a026f5044473ecfb90f2
yoke-derive	0.8.2	registry+https://github.com/rust-lang/crates.io-index	de844c262c8848816172cef550288e7dc6c7b7814b4ee56b3e1553f275f1858e	Unicode-3.0	Unicode-3.0	https://github.com/unicode-org/icu4x	c9fac4e625ccb2c6a7aa35079fff9709db4385ac	utils/yoke/derive	LICENSE@sha256:f367c1b8e1aa262435251e442901da4607b4650e0e63a026f5044473ecfb90f2
zbus	5.16.0	registry+https://github.com/rust-lang/crates.io-index	eee682d202a77e4a9f3b2c2bdf48a7b28af5c08c34ddf66f98c93e5e39464285	MIT	MIT	https://github.com/z-galaxy/zbus/	1e306d38b9e80ca45c9a7eb1b3fa4b75f59ad158	zbus	LICENSE@sha256:260e4ff3fc493695880c90774283eb1e3d018f898fabe655bbd52dd2cbd2fcad
zbus-lockstep	0.5.2	registry+https://github.com/rust-lang/crates.io-index	6998de05217a084b7578728a9443d04ea4cd80f2a0839b8d78770b76ccd45863	MIT	MIT	https://github.com/luukvanderduim/zbus-lockstep	9bda5264dfe1dc7eaa7738f839ff977315c31b84	zbus-lockstep	LICENSE-MIT@sha256:23f18e03dc49df91622fe2a76176497404e46ced8a715d9d2b67a7446571cca3
zbus-lockstep-macros	0.5.2	registry+https://github.com/rust-lang/crates.io-index	10da05367f3a7b7553c8cdf8fa91aee6b64afebe32b51c95177957efc47ca3a0	MIT	MIT	https://github.com/luukvanderduim/zbus-lockstep	9bda5264dfe1dc7eaa7738f839ff977315c31b84	zbus-lockstep-macros	LICENSE-MIT@sha256:23f18e03dc49df91622fe2a76176497404e46ced8a715d9d2b67a7446571cca3
zbus_macros	5.16.0	registry+https://github.com/rust-lang/crates.io-index	adf1bd45a81a103745b1757754762a26e8cd01e4532e4d6c8ec431624b80d1d6	MIT	MIT	https://github.com/z-galaxy/zbus/	1e306d38b9e80ca45c9a7eb1b3fa4b75f59ad158	zbus_macros	LICENSE@sha256:260e4ff3fc493695880c90774283eb1e3d018f898fabe655bbd52dd2cbd2fcad
zbus_names	4.3.2	registry+https://github.com/rust-lang/crates.io-index	7074f3e50b894eac91750142016d30d0a89be8e67dbfd9704fb875825760e52d	MIT	MIT	https://github.com/z-galaxy/zbus/	de33018ff519368c69712aae69df7bacdab169a2	zbus_names	LICENSE@sha256:260e4ff3fc493695880c90774283eb1e3d018f898fabe655bbd52dd2cbd2fcad
zbus_xml	5.1.1	registry+https://github.com/rust-lang/crates.io-index	a8067892e940ed1727dea64690378601603b31d62dfde019a5335fbb7c0e0ed9	MIT	MIT	https://github.com/z-galaxy/zbus/	de33018ff519368c69712aae69df7bacdab169a2	zbus_xml	LICENSE@sha256:260e4ff3fc493695880c90774283eb1e3d018f898fabe655bbd52dd2cbd2fcad
zerocopy	0.8.48	registry+https://github.com/rust-lang/crates.io-index	eed437bf9d6692032087e337407a86f04cd8d6a16a37199ed57949d415bd68e9	BSD-2-Clause OR Apache-2.0 OR MIT	BSD-2-Clause OR Apache-2.0 OR MIT	https://github.com/google/zerocopy	aa7c31671cb5ce509551edafa23c6865df83b180		LICENSE-APACHE@sha256:9d185ac6703c4b0453974c0d85e9eee43e6941009296bb1f5eb0b54e2329e9f3;LICENSE-BSD@sha256:83c1763356e822adde0a2cae748d938a73fdc263849ccff6b27776dff213bd32;LICENSE-MIT@sha256:1a2f5c12ddc934d58956aa5dbdd3255fe55fd957633ab7d0d39e4f0daa73f7df
zerofrom	0.1.8	registry+https://github.com/rust-lang/crates.io-index	0ec05a11813ea801ff6d75110ad09cd0824ddba17dfe17128ea0d5f68e6c5272	Unicode-3.0	Unicode-3.0	https://github.com/unicode-org/icu4x	e9575f7e4b5aeddfeeb87ada5d3e715950e8233e	utils/zerofrom	LICENSE@sha256:f367c1b8e1aa262435251e442901da4607b4650e0e63a026f5044473ecfb90f2
zerofrom-derive	0.1.7	registry+https://github.com/rust-lang/crates.io-index	11532158c46691caf0f2593ea8358fed6bbf68a0315e80aae9bd41fbade684a1	Unicode-3.0	Unicode-3.0	https://github.com/unicode-org/icu4x	c9fac4e625ccb2c6a7aa35079fff9709db4385ac	utils/zerofrom/derive	LICENSE@sha256:f367c1b8e1aa262435251e442901da4607b4650e0e63a026f5044473ecfb90f2
zeroize	1.8.2	registry+https://github.com/rust-lang/crates.io-index	b97154e67e32c85465826e8bcc1c59429aaaf107c1e4a9e53c8d8ccd5eff88d0	Apache-2.0 OR MIT	Apache-2.0 OR MIT	https://github.com/RustCrypto/utils	c100874101bfd584870de5dde1b13dd92a17bf48	zeroize	LICENSE-APACHE@sha256:cfc7749b96f63bd31c3c42b5c471bf756814053e847c10f3eb003417bc523d30;LICENSE-MIT@sha256:0b04ee3ce0021a922f43f37a17fee09a5a1ee6d1f4e149d5bf75b72395a49c72
zerotrie	0.2.4	registry+https://github.com/rust-lang/crates.io-index	0f9152d31db0792fa83f70fb2f83148effb5c1f5b8c7686c3459e361d9bc20bf	Unicode-3.0	Unicode-3.0	https://github.com/unicode-org/icu4x	c9fac4e625ccb2c6a7aa35079fff9709db4385ac	utils/zerotrie	LICENSE@sha256:f367c1b8e1aa262435251e442901da4607b4650e0e63a026f5044473ecfb90f2
zerovec	0.11.6	registry+https://github.com/rust-lang/crates.io-index	90f911cbc359ab6af17377d242225f4d75119aec87ea711a880987b18cd7b239	Unicode-3.0	Unicode-3.0	https://github.com/unicode-org/icu4x	c9fac4e625ccb2c6a7aa35079fff9709db4385ac	utils/zerovec	LICENSE@sha256:f367c1b8e1aa262435251e442901da4607b4650e0e63a026f5044473ecfb90f2
zerovec-derive	0.11.3	registry+https://github.com/rust-lang/crates.io-index	625dc425cab0dca6dc3c3319506e6593dcb08a9f387ea3b284dbd52a92c40555	Unicode-3.0	Unicode-3.0	https://github.com/unicode-org/icu4x	c9fac4e625ccb2c6a7aa35079fff9709db4385ac	utils/zerovec/derive	LICENSE@sha256:f367c1b8e1aa262435251e442901da4607b4650e0e63a026f5044473ecfb90f2
zmij	1.0.21	registry+https://github.com/rust-lang/crates.io-index	b8848ee67ecc8aedbaf3e4122217aff892639231befc6a1b58d29fff4c2cabaa	MIT	MIT	https://github.com/dtolnay/zmij	6531ba31ccf5d14b604ca41f6e2414a8dd779af0		LICENSE-MIT@sha256:23f18e03dc49df91622fe2a76176497404e46ced8a715d9d2b67a7446571cca3
zstd	0.13.3	registry+https://github.com/rust-lang/crates.io-index	e91ee311a569c327171651566e07972200e76fcfe2242a4fa446149a3881c08a	MIT	MIT	https://github.com/gyscos/zstd-rs	52e9d41a645fb49edcf1ed3df765f380dbcf13b2		LICENSE@sha256:129e8edef29e9abcd2ebabe252f4ef1b1289cdca356bf0040284a2fbccfb96c8
zstd-safe	7.2.4	registry+https://github.com/rust-lang/crates.io-index	8f49c4d5f0abb602a93fb8736af2a4f4dd9512e36f7f570d66e65ff867ed3b9d	MIT OR Apache-2.0	MIT OR Apache-2.0	https://github.com/gyscos/zstd-rs	229054099aa73f7e861762f687d7e07cac1d9b3b	zstd-safe	LICENSE@sha256:a77b7cfeaf911ed410ffbe76f0cb2b24ad8a4d94e7ead5727e914425c416cc63;LICENSE.Apache-2.0@sha256:0d542e0c8804e39aa7f37eb00da5a762149dc682d7829451287e11b938e94594;LICENSE.Mit@sha256:129e8edef29e9abcd2ebabe252f4ef1b1289cdca356bf0040284a2fbccfb96c8
zstd-sys	2.0.16+zstd.1.5.7	registry+https://github.com/rust-lang/crates.io-index	91e19ebc2adc8f83e43039e79776e3fda8ca919132d68a1fed6a5faca2683748	MIT/Apache-2.0	MIT OR Apache-2.0	https://github.com/gyscos/zstd-rs	434ca4cb364e8a81846a2d99d430977e07b15a52	zstd-safe/zstd-sys	LICENSE@sha256:a77b7cfeaf911ed410ffbe76f0cb2b24ad8a4d94e7ead5727e914425c416cc63;LICENSE.Apache-2.0@sha256:0d542e0c8804e39aa7f37eb00da5a762149dc682d7829451287e11b938e94594;LICENSE.BSD-3-Clause@sha256:48341f685c87304089aa099b23c386f8bacc519ef555aa7a13e239908907b3fd;LICENSE.Mit@sha256:129e8edef29e9abcd2ebabe252f4ef1b1289cdca356bf0040284a2fbccfb96c8;zstd/COPYING@sha256:f9c375a1be4a41f7b70301dd83c91cb89e41567478859b77eef375a52d782505;zstd/LICENSE@sha256:7055266497633c9025b777c78eb7235af13922117480ed5c674677adc381c9d8
zune-core	0.5.1	registry+https://github.com/rust-lang/crates.io-index	cb8a0807f7c01457d0379ba880ba6322660448ddebc890ce29bb64da71fb40f9	MIT OR Apache-2.0 OR Zlib	MIT OR Apache-2.0 OR Zlib	https://github.com/etemesi254/zune-image	bf30e1ecb9034964bfa251189173328a8a1380a8	crates/zune-core	LICENSE-APACHE@sha256:c71d239df91726fc519c6eb72d318ec65820627232b2f796219e87dcf35d0ab4;LICENSE-MIT@sha256:d30047bca3b516639339a3c279bb84c3483124fb5a9dafe3c75056a85090e745;LICENSE-ZLIB@sha256:d201d14804d3bcd3b944147173175e4abfbd838b7c8069b6bd3452496bf13e6c
zune-jpeg	0.5.15	registry+https://github.com/rust-lang/crates.io-index	27bc9d5b815bc103f142aa054f561d9187d191692ec7c2d1e2b4737f8dbd7296	MIT OR Apache-2.0 OR Zlib	MIT OR Apache-2.0 OR Zlib	https://github.com/etemesi254/zune-image/tree/dev/crates/zune-jpeg	31d81fed7551c8ccea456d9d8e2b1fd8bebb6995	crates/zune-jpeg	LICENSE-APACHE@sha256:c71d239df91726fc519c6eb72d318ec65820627232b2f796219e87dcf35d0ab4;LICENSE-MIT@sha256:d30047bca3b516639339a3c279bb84c3483124fb5a9dafe3c75056a85090e745;LICENSE-ZLIB@sha256:d201d14804d3bcd3b944147173175e4abfbd838b7c8069b6bd3452496bf13e6c
zvariant	5.12.0	registry+https://github.com/rust-lang/crates.io-index	a192a0bde63360d77a7523c833d4b4ce6070a927e2c53246e4c540b1a3e27be0	MIT	MIT	https://github.com/z-galaxy/zbus/	1e306d38b9e80ca45c9a7eb1b3fa4b75f59ad158	zvariant	LICENSE@sha256:260e4ff3fc493695880c90774283eb1e3d018f898fabe655bbd52dd2cbd2fcad
zvariant_derive	5.12.0	registry+https://github.com/rust-lang/crates.io-index	90bc6cde9c01c511074be97f7ccb6c19d0da89e3f8662e812e999dcfd4638737	MIT	MIT	https://github.com/z-galaxy/zbus/	1e306d38b9e80ca45c9a7eb1b3fa4b75f59ad158	zvariant_derive	LICENSE@sha256:260e4ff3fc493695880c90774283eb1e3d018f898fabe655bbd52dd2cbd2fcad
zvariant_utils	3.4.0	registry+https://github.com/rust-lang/crates.io-index	1e8535915cfa75547e559d8c68e8139909a4aeee076831e4ef7fc59d8172c4d6	MIT	MIT	https://github.com/z-galaxy/zbus/	1e306d38b9e80ca45c9a7eb1b3fa4b75f59ad158	zvariant_utils	LICENSE@sha256:23f18e03dc49df91622fe2a76176497404e46ced8a715d9d2b67a7446571cca3
